subject,body,answer,type,queue,priority,language,tag_1,tag_2,tag_3,tag_4,tag_5,tag_6,tag_7,tag_8
Unvorhergesehener Absturz der Datenanalyse-Plattform,"Die Datenanalyse-Plattform brach unerwartet ab, da die Speicheroberfläche zu gering war. Ich habe versucht, Laravel 8 und meinen MacBook Pro neu zu starten, aber das Problem behält sich bei. Ich benötige Ihre Unterstützung, um diesen Fehler zu beheben.","Ich werde Ihnen bei der Lösung des Problems helfen, indem die Datenanalyse-Plattform neu gestartet wird. Bitte bereiten Sie spezifische Informationen zu Ihren Speichereinstellungen vor, damit wir die Ursache besser ermitteln können.",Incident,General Inquiry,low,de,Crash,Technical,Bug,Hardware,Resolution,Outage,Documentation,
Customer Support Inquiry,"Seeking information on digital strategies that can aid in brand growth and details on the available services. Looking forward to learning more to help our business grow. Thank you, and I look forward to hearing from you soon.","We offer a variety of digital strategies and services to boost brand growth, including social media management and marketing. Let's discuss further; you can reach me at <tel_num> to schedule a call.",Request,Customer Service,medium,en,Feedback,Sales,IT,Tech Support,,,,
Data Analytics for Investment,"I am contacting you to request information on data analytics tools that can be utilized with the Eclipse IDE for enhancing investment optimization. I am seeking suggestions for tools that can aid in making data-driven decisions. Particularly, I am interested in tools that can manage large datasets and offer advanced analytics features. These tools should be compatible with the Eclipse IDE and can smoothly integrate into my workflow. Key features I am interested in include data visualization, predictive modeling, and machine learning capabilities. I would greatly appreciate any recommendations or advice on how to begin with data analytics for investment optimization using the Eclipse IDE.","I am here to assist you with data analytics tools for investment optimization. Please provide more details on your requirements, and I will suggest appropriate options that are compatible with the Eclipse IDE.",Request,Customer Service,medium,en,Technical,Product,Guidance,Documentation,Performance,Feature,,
Krankenhaus-Dienstleistung-Problem,"Ein Medien-Daten-Sperrverhalten trat aufgrund unerlaubten Zugriffes auf. Eine schwache Passwortauswahl ist wahrscheinlich die Ursache. Nach dem Versuch, das Passwort zu ändern, behält das Problem leider anhaltend Bestand.","Zurück zur E-Mail-Beschwerde über den Sperrversuch auf Grund unerlaubten Zugriffes bei den Medien-Daten. Leider bleibt das Problem trotz des Passwort-Umbaus bestehen. Um die Angelegenheit weiter zu erkunden, erbeten Sie mir zusätzliche Informationen zur Sperrung, wie zum Beispiel den genauen Zeitpunkt, wann sie eintrat, und alle Fehlermeldungen, die Sie erhalten haben. Darüber hinaus würde ich einen Telefonanspruch mit Ihnen vereinbaren, um die Probleme zu besprechen und die notwendigen Maßnahmen zu ergreifen, um die Sicherheit Ihrer medizinischen Daten zu sichern. Wenn Sie Zeit für einen Telefonanspruch haben, lassen Sie mich bitte wissen, wann es Ihnen gelegen kommt.",Incident,Customer Service,high,de,Security,Breach,Login,Maintenance,Incident,Resolution,Feedback,
Security,"Dear Customer Support, I am reaching out to inquire about the security protocols you have in place to protect medical data. As a valued customer, I want to ensure that my sensitive health information is handled with the utmost care and confidentiality. Could you please provide me with information on the measures you take to safeguard medical data? Additionally, I would appreciate it if you could inform me about any certifications or compliances your company adheres to, such as HIPAA. I am also keen to know if you have any specific measures to prevent data breaches and unauthorized access. Thank you for your time and assistance. I look forward to your prompt response.","Dear [name], we take the security of medical data very seriously and have implemented strong security measures to protect sensitive information. Our company complies with HIPAA and has obtained the necessary certifications to ensure the confidentiality and integrity of medical data. To prevent data breaches and unauthorized access, we have protocols in place, including encryption and secure storage. If you require more detailed information, I would be happy to discuss this further with you, perhaps over a phone call at your convenience. Please let me know a suitable time to reach you at [tel_num] regarding your [acc_num].",Request,Customer Service,medium,en,Security,Customer,Compliance,Breach,Documentation,Guidance,,
Concerns About Securing Medical Data on 2-in-1 Convertible Laptop with Norton 360,Inquiring about best practices for securing medical data on a 2-in-1 Convertible Laptop. Currently have Norton 360 installed and need guidance on how to properly configure it to protect sensitive medical information. Would greatly appreciate any tips or recommendations you can offer.,"Thank you for your concern regarding securing medical data on your 2-in-1 Convertible Laptop. To properly configure Norton 360 for protecting sensitive medical information, I recommend enabling the firewall and ensuring all updates are installed. Additionally, consider setting up a virtual private network and enabling full disk encryption. It would be helpful to discuss this further. Please let me know a convenient time to call you at <tel_num> to provide personalized guidance and answer any questions you may have.",Request,Technical Support,medium,en,Security,Product,Feature,IT,Tech Support,,,
Ratung für Sicherung medizinischer Daten in HubSpot CRM PostgreSQL-Umgebungen,"Ratung, ob es möglich ist, Sicherung medizinischer Daten in HubSpot CRM PostgreSQL-Umgebungen durchzuführen? Danke.","Wir freuen uns, Ihnen zu raten, Sicherung medizinischer Daten in HubSpot CRM PostgreSQL-Umgebungen durchzuführen. Um mit den Vorschriften von HIPAA in Einklang zu bleiben, ist es wichtig, umfassende Sicherheitsmaßnahmen einzuführen, einschließlich Verschlüsselung, Zugriffskontrolle und regelmäßiger Backups. Wir bieten spezifische Empfehlungen zu Praktiken an, sobald wir mehr Details über das aktuelle Setup und Bedenken erhalten. Sollten Sie verfügbar sein, um weiterzudenken, lassen Sie uns wissen, wann ein geeigneter Zeitpunkt für Sie ist.",Request,Technical Support,medium,de,Backup,Security,IT,Tech Support,,,,
Problem with Integration,"The integration stopped working unexpectedly, causing synchronization errors between our platforms. This might be due to recent modifications to the API. Despite attempting to restart services and examining logs, the problem remains unresolved. I would be grateful for your help in addressing this issue.",I will look into the problem and call you at <tel_num> to discuss it further and arrange a convenient time for resolution.,Problem,IT Support,high,en,Technical,Integration,Bug,Resolution,Outage,Documentation,,
Assistance Request,"Dear Customer Support, I am writing in regards to a recently detected data blocker in our medical data sets. This issue might stem from outdated PHP versions. Despite updating the Elasticsearch and Terraform configurations, the problem persists. I would appreciate any assistance you can provide at your earliest convenience to resolve this matter. Kindly inform me of any additional information you require to continue the investigation and resolution. I look forward to hearing from you soon. Thank you for your time and support. Kind regards, [Your Name]","I have received your report about the data blocker in your medical datasets. To proceed with the investigation, I need more details about the outdated PHP version and the changes made to the Elasticsearch and Terraform configurations. I will contact you at <tel_num> to discuss further.",Problem,Product Support,high,de,Technical,Bug,Security,Maintenance,Documentation,Resolution,,
Support Request,The latest data analysis reports are inconsistent. Potential causes might be input errors due to recent software updates. Please check the input data and re-run the analysis. The issue persists.,Please provide additional details for further investigation and support.,Problem,Product Support,high,de,Bug,Performance,IT,Tech Support,,,,
Issue with Data Analytics Platform - Insufficient RAM Allocation,"I am reaching out to report an issue with our data analytics platform. The platform has crashed, and we believe it might be due to inadequate RAM allocation. We have already tried restarting the server and reviewing the logs, but the problem still exists. We kindly request your assistance in investigating this matter and providing a resolution at your earliest convenience. Please inform us if any additional information from our side is necessary to address this issue. The platform is currently unavailable, and we urgently need it to be operational. Thank you for your consideration and support.","Your email regarding the data analytics platform issue has been received. I regret the disruption caused by the platform's downtime. To better understand and resolve the situation, could you please share the server details and the log files you have examined thus far? Additionally, could you provide the current RAM allocation and the recommended amount for the platform? If scheduling a call would be helpful, I can arrange a time to discuss this matter in greater detail and develop a solution to restore the platform's functionality as swiftly as possible. Please suggest a convenient time for the call.",Problem,Technical Support,high,en,Technical,Outage,Crash,Resolution,Disruption,Guidance,Documentation,
Reported Issue with Project Sync Resulting in Data Loss,"Dear Customer Support,\n\nI am reporting an issue with our project sync, which has led to data loss. This sync failure occurred after recent software updates, possibly due to incompatibility issues. Despite restarting our systems and reviewing firewall settings, the problem remains unresolved.\n\nThe software updates were installed recently, and the sync failure happened shortly thereafter. Our team has attempted to troubleshoot the issue by restarting the systems and reviewing the firewall settings, but these efforts have been unsuccessful.\n\nI would greatly appreciate it if you could investigate this matter and provide a solution to resolve the sync issue and recover the lost data. If there is any additional information or logs you require from our side, please let me know.\n\nThank you for your time and assistance.\n\nBest regards,\n[Your Name]",We will look into the sync issue and contact you for any required information and to assist in finding a resolution.,Incident,Technical Support,high,en,Technical,Bug,DataLoss,SoftwareUpdate,SyncIssue,Resolution,,
Strategies for Brand Expansion,"Hello Customer Support Team, I am writing to seek advice on digital methods that can aid in expanding my brand. In the current digital era, a robust online footprint is essential for business success. I am keen to learn about the strategies you suggest for boosting brand visibility and attracting more customers. Particularly, I am interested in exploring social media marketing, search engine optimization, and content development. I think applying the appropriate digital strategies could significantly advance my brand. Would you be able to offer some insights on this? I look forward to your response. Thanks for your time and support.","Greetings [Name], thank you for contacting our support team to discuss brand expansion strategies. We appreciate your enthusiasm to enhance your online presence. To boost brand visibility and attract a broader customer base, we suggest investigating social media marketing, search engine optimization, and content development. These tactics can help elevate your brand and foster business growth. For more targeted advice, we are ready to delve into your objectives and aspirations. Would you be available for a consultation at your convenience, or should we arrange a call at [Phone Number] to explore these opportunities and develop a customized plan for your brand growth?",Request,Technical Support,medium,en,Customer,Strategy,Guidance,Documentation,Feedback,,,
Issue with Website Analytics Dashboard,"Dear Customer Support, I am encountering a problem with my website analytics dashboard that is not updating. I believe there might be an issue with the API connection. I have already restarted the dashboard and verified my credentials, yet the problem still exists. Could you please investigate and offer a solution at your earliest convenience? If you require any additional information from me, please let me know. Thank you for your assistance, and I look forward to your response.","Dear <name>, we regret the inconvenience you have experienced with your website analytics dashboard. We will look into the potential API connection issue. Could you please provide your <acc_num> and any specific error messages you are receiving so we can assist you further?",Incident,Technical Support,low,en,Technical,Bug,API,Documentation,Resolution,Customer,,
Urgent: Data Breach Identified in Hospital Network,"Data breach found, assistance required",Please handle this data breach with urgency. Kindly share the specifics of the issue at hand and an expert will be assigned to assist you promptly.,Incident,Technical Support,high,en,Security,Network,Outage,IT,,,,
Request for Assistance with Data Integration,"We are encountering data integration problems while optimizing investments using analytics tools. These issues might be due to unexpected software compatibility problems between various applications. Despite updating the software and checking for configuration errors, the problem continues. We would greatly appreciate your guidance in resolving this matter to ensure a smooth data flow and accurate analysis. Please inform us of the next steps to address this issue.",Please review the data integration issue and contact us at <tel_num> to discuss the next steps. We will provide guidance on resolving the software compatibility issues to ensure a smooth data flow and accurate analysis. Your account number is <acc_num>.,Problem,Customer Service,low,en,Bug,Performance,IT,Tech Support,,,,
Request for Updating Integration Features on Mobile,I am writing to request an update to the integration features in our mobile applications. The current features are outdated and not compatible with recent software versions. I would like to request enhancements to ensure seamless functionality with the latest software versions.,"Dear [Name], we appreciate your request to update the integration features in our mobile applications. We will review the compatibility issues and work on enhancements. Could you please provide details on the software versions you are using and contact us at [Tel Number] to discuss the necessary updates?",Change,Product Support,low,en,Feature,IT,Tech Support,,,,,
Problem with Data Analytics Software Frequent Crashes,"The data analytics software used by the financial firm is experiencing frequent crashes, likely due to RAM limitations and software conflicts.","Dear [Name], we apologize for the frequent crashes of your data analytics software. We will investigate potential causes, including RAM limitations and software conflicts. Please provide us with details of any error messages you are receiving and your system configuration. To better assist you, please schedule a call at <tel_num> and we can discuss a solution for your <acc_num> account. We will get back to you shortly with the next steps.",Problem,Technical Support,high,en,Bug,Crash,Performance,Hardware,IT,Tech Support,,
Urgent: Identification of a Data Breach within the Patient Records System,Breach in data identified,Commencing immediate investigation into the data breach,Incident,Customer Service,high,en,Breach,Security,Incident,Resolution,Investigation,,,
,"To Whom It May Concern, I am contacting you to report a possible data breach, which may be related to outdated software. Despite my attempts to update various programs, including Snagit, Ansible, and Firebase, the problem continues. I am worried about the security of my data and would appreciate your help in addressing this issue promptly. Could you advise on the next steps or suggest a solution to prevent future breaches? I value your swift response to this matter and eagerly await your guidance. Please inform me if you require any further information to assist me. I can be reached at your convenience to discuss this further. Thank you for your support in resolving this issue. Please provide any necessary reference number <ref_num> for my records, and I look forward to your prompt follow-up.","Dear <name>, We acknowledge your email regarding a suspected data breach possibly due to outdated software. We regret any concern this has caused and thank you for your proactive attempts to update your programs. To better assist you, we need additional information regarding the breach. Could you please share details on the updates you've installed and any error messages you've encountered? Additionally, it would be useful to know the specific data you believe has been compromised. I am available for a phone call if you prefer. Please let me know a convenient time for you. In the meantime, I have assigned a reference number <ref_num> to your case and will contact you within the next 24 hours. Thank you for bringing this matter to our attention, and we look forward to resolving it promptly for you.",Incident,Product Support,high,en,Security,Breach,Technical,Outdated Software,Follow-Up,Guidance,Documentation,Reference Number
Notwendige Technische Unterstützung,"Sehr geehrte Kundensupport, wir begegnen momentan unregelmäßigen Ladezeiten bei unserer Projektmanagement-Plattform. Möglicherweise ist dies auf erhöhte Nutzungsdaten zurückzuführen. Wir haben bereits den Cache geleert, die Serverleistung überprüft und die Anwendungsdiener neu gestartet. Trotz unserer Anstrengungen besteht das Problem weiterhin. Wir schätzen Ihre Unterstützung, um bald eine Lösung anzubieten. Bitte geben Sie uns, falls nötig, weitere Informationen zur Verfügung, um das Problem zu lösen.","Sehr geehrte [name], danke für Ihre Nachricht. Wir werden uns um das Problem bald kümmern und versuchen, eine Lösung zu finden. Könnten Sie uns bitte die detaillierte Fehlermeldung zu [acc_num] zur Verfügung stellen? Falls nötig, können wir auch telefonisch nach dem Problem suchen, um die beste Lösung zu ermitteln.",Problem,Technical Support,medium,de,Tech Support,Performance,IT,Network,,,,
Urgent: Update Encryption Protocols for JIRA and HubSpot CRM Systems,"Hello customer support, I am contacting you to highlight the urgent requirement to enhance encryption protocols on our JIRA and HubSpot CRM systems in order to secure medical data effectively. This update is vital for safeguarding sensitive information and ensuring adherence to regulatory standards. Could you please undertake these updates as soon as possible and notify me upon completion? If you need any more details from me, please let me know.","Thank you for bringing this to our attention, <name>. We recognize the urgency of updating encryption protocols on your JIRA and HubSpot CRM systems to protect medical data. We are committed to safeguarding sensitive information and maintaining compliance with regulatory requirements. For the update process, could you provide us with your <acc_num> and the current versions of JIRA and HubSpot CRM you are using? This will help us expedite the necessary updates. We will inform you once the updates are completed. If needed, we can arrange a call at <tel_num> to discuss further. Please specify a convenient time for the call if you prefer. We will prioritize this request and keep you updated on our progress.",Change,IT Support,medium,en,Technical,Security,Breach,Compliance,Urgent,Documentation,Update,Encryption
Guidelines for Securing Medical Data on macOS Systems with Symantec Endpoint Protection,Could you provide guidelines on securing medical data on macOS systems using Symantec Endpoint Protection? Thank you for your assistance.,I will provide guidelines on securing medical data on macOS systems using Symantec Endpoint Protection via email shortly.,Request,Billing and Payments,medium,en,Security,Documentation,IT,Tech Support,,,,
Problem with Software Update,Data analytics functions are disrupted following the latest software update. Efforts to restart and reinstall the software have been unsuccessful.,"We apologize for the disruption caused by the recent software update. We would like to investigate and resolve the issue with your data analytics. Could you please provide any error messages you are seeing? For your convenience, we are available to discuss possible solutions over a call at <tel_num>. ",Incident,Technical Support,medium,en,Bug,Performance,Feature,IT,Tech Support,,,
Slowness observed in the data analytics platform,"There has been a noticeable slowdown in the data analytics platform. It might be due to inadequate server resources. Despite restarting the servers and verifying the configurations, the problem continues.","Dear <name>, thank you for contacting us regarding the slowdown in the data analytics platform. We understand how this issue has affected you. We will delve into the root cause. As you have already attempted to restart the servers and reviewed the configurations, our next action will be to examine the server resource usage. Could you provide us with the current server load details and any recent modifications made to the platform? We will call you at <tel_num> to discuss this further if required.",Incident,Technical Support,medium,en,Technical,Performance,Outage,Resolution,Documentation,Maintenance,,
Verlust medizinischer Daten gemeldet,"Unverschlüsselte medizinische Daten auf ungeschützten Geräten wurden durch alte Software übernommen. Versuche, die Systems neu zu starten und Virenscans durchzuführen, wurden unternommen.","Wir nehmen den Datenverlust ernst.Bitte geben Sie Details zu den beteiligten Geräten und der verwendeten Software an. Ich werde Sie an <tel_num> kontaktieren, um weitere Maßnahmen zur Datenverschluesslung und zukuenftigen Verlustvermeidung zu besprechen.",Incident,Technical Support,high,de,Security,Breach,Crash,Hardware,Maintenance,Backup,Virus,Incident
Best Practices for Securing Medical Data with Snagit and KNIME,"I am contacting you to seek advice on the secure management of medical data when utilizing Snagit and KNIME. Given the sensitive nature of the data, I am keen to adhere to all necessary security protocols. Could you offer guidance on the secure storage and transmission of medical images and data through these tools? Additionally, I would be grateful for any suggestions on encryption, access control, and compliance with applicable regulations. I appreciate your consideration and anticipation of your prompt response. I am eager to hear from you soon.","Certainly, I am glad to assist you in securing medical data with Snagit and KNIME. To ensure compliance, I suggest encryption, access control, and the use of secure storage solutions. We can explore specific best practices suited to your needs. Could you please share details about your current setup and workflow? I am also available to speak further over a call; how about reaching out at <tel_num> as per your convenience?",Request,Customer Service,low,en,Security,Compliance,Guidance,Documentation,,,,
Guidance on Optimizing Investment Strategies Using Data Analytics,"Dear Customer Support, I am writing to request assistance in optimizing my investment strategies through the use of data analytics. The abundance of data available can be daunting, and I believe data analytics tools can aid in making more precise forecasts and maximizing returns. However, I need guidance on how to effectively use these tools. Could you provide me with some pointers on getting started? It would be greatly appreciated if you could recommend the most suitable data analytics tools for investment analysis, as well as offer tips on how to interpret the data and make informed decisions. Additionally, I would like to know if you have any resources or tutorials available that can help me learn more about data analytics and its application in investment strategies. I am very eager to learn more about this topic and appreciate your assistance in this matter. I look forward to your response. Best regards, [Your Name]",I am providing guidance on data analytics tools for investment analysis and recommending resources for further learning. Please allow me to contact you at your convenience.,Request,Product Support,high,en,Technical,Customer,Guidance,Documentation,Training,,,
Requirements for Wave Integration with Outlook 2021,"I am contacting you to seek information regarding the prerequisites for integrating Wave with Outlook 2021. Could you kindly furnish me with the essential details, including the minimum system specifications such as the operating system, processor speed, and memory capacity, to ensure a seamless integration process? Furthermore, are there any specific software or plugin prerequisites that need to be met? Additionally, it would be greatly appreciated if you could share any troubleshooting advice or typical issues that might occur during the integration. I am eagerly looking forward to your response and resolving this matter. Thank you for your time and support.","Hello <name>, to integrate Wave with Outlook 2021, make sure you have a 64-bit operating system, a minimum 2.0 GHz processor, and at least 4 GB of memory. You will also need to install the Wave plugin for Outlook. For troubleshooting, please refer to our website for common issues and solutions. If you require further assistance, I am available to schedule a call at <tel_num> to guide you through the process. Please let me know a suitable time for your <acc_num> account.",Request,Service Outages and Maintenance,high,en,Technical,Integration,Software,Guidelines,Troubleshooting,Plugin,SystemRequirements,CustomerSupport
Issue Regarding Encryption,"Dear Customer Support, I am writing to report a problem with our medical data encryption. This issue has appeared suddenly and might be related to a software update issue. We have already tried restarting the servers and checking the configurations, but the problem persists. The malfunction occurred without prior warning and we are concerned about the security of our data. We would greatly appreciate it if you could investigate this further and provide a solution as soon as possible. Please let us know if you require any additional information from us to resolve this issue.","Dear <name>, thank you for bringing the issue with your medical data encryption to our attention. I appreciate your concerns regarding the security of your data. To assist you further, could you please provide the version of the software update and the specific error report you received? Additionally, it would be helpful if you could indicate the time when the issue first appeared and any recent changes that were made to your system. I will review your request and find a solution as soon as possible. If necessary, I will schedule a call to discuss the case in more detail and resolve it.",Problem,Product Support,medium,de,Technical,Security,Breach,Documentation,Investigation,Resolution,,
Problem with Invoice,"I am encountering a problem with my invoice. The amount shown online is not accurate. I have attempted to resolve this by refreshing the page and signing out then back in, but the issue still exists. I believe it might be a technical error or a data synchronization issue. Can you please investigate this for me and give me a corrected invoice total?","In response to your email about the incorrect total on your invoice, I want to acknowledge the inconvenience this has caused you. To better assist you, could you provide your account number and the specific invoice number you are referring to? I will look into the matter and determine the reason for the discrepancy. If necessary, I may need to contact you to discuss further; please let me know your availability for a call at your convenience. We aim to provide you with the corrected invoice total as soon as possible. Please let me know if you have any additional information that can help resolve this issue.",Incident,Billing and Payments,low,en,Billing,Technical,Invoice,Payment,Account,Bug,,
Anfrage für technischen Support,"Es gibt plötzliche Verbindungsstörungen auf mehreren Plattformen und Geräten. Ich habe versucht, die Geräte neu zu starten und die Netzwerkeinstellungen zu überprüfen, aber das Problem tritt immer noch auf.","Wir stehen Ihnen zur Verfügung, um das Verbindungsproblem zu beheben. Geben Sie bitte mehr Details zur Fehlernachricht oder den Symptomen an, damit wir Ihnen weiterhelfen können.",Incident,Technical Support,high,de,Technical,Network,Outage,Crash,Hardware,,,
Enquiries on Shopware Integrations with Google Cloud and Microsoft Azure,"Hello Customer Support, I am writing to inquire about the integrations that are currently available for Shopware with Google Cloud Platform and Microsoft Azure services. I am currently using Shopware as my e-commerce platform and I am keen to explore the integration opportunities with Google Cloud Platform and Microsoft Azure services. Would you be able to provide me with a detailed list of the available integrations and their descriptions? Furthermore, I would be grateful for any assistance in understanding how to set up and configure these integrations. Specifically, I am interested in knowing more about the integration with Google Cloud Storage, Google Cloud Functions, and Microsoft Azure Storage. Could you also inform me about any future plans for new integrations? Lastly, I would appreciate any insights into the limitations or restrictions on the use of these integrations. I look forward to your response and hope to receive detailed guidance on this matter. Thank you for your time and support. Kind regards, [Your Name]","Hello [Your Name], we appreciate your interest in exploring integrations for Shopware with Google Cloud Platform and Microsoft Azure services. We can offer you a comprehensive list of available integrations and their descriptions, including Google Cloud Storage, Google Cloud Functions, and Microsoft Azure Storage. I would like to arrange a call with you at [tel_num] to discuss your specific requirements in more detail and provide tailored guidance. Please let me know a convenient time for the call.",Request,Technical Support,high,en,Technical,Integration,Guidance,Documentation,Customer,,,
Enhancing Security for Medical Data Transmission Systems,"Hello Customer Support, I am writing to inquire about enhancing security for the transmission and storage of medical data. Given the sensitive nature of medical information, it is crucial that it is protected with the highest level of security to safeguard patient details. Could you please share the current encryption methods used by your organization and the steps taken to ensure the secure handling of medical data? Additionally, are there plans to introduce further security enhancements, such as multi-factor authentication and encryption key management? Your insights on this matter would be greatly appreciated. Thank you for your time and cooperation. I eagerly await your response.","Hello <name>, thank you for contacting our customer support team concerning the enhancement of security for medical data transmission and storage systems. We understand the importance of securing such sensitive information and currently employ advanced encryption techniques to protect patient data. Our company utilizes strong encryption protocols to ensure the secure transmission and storage of medical information. We are continuously evaluating and improving our security measures to address potential threats. Regarding the implementation of multi-factor authentication and encryption key management, we are indeed considering these additional security measures to further strengthen the protection of medical data. I would be glad to discuss this further with you and provide more detailed information about our current security protocols and future plans. If you are available for a discussion at a convenient time, please let me know a suitable time and I will contact you at <tel_num>.",Change,Technical Support,high,en,Security,Customer,Medical,Encryption,MultiFactorAuthentication,KeyManagement,,
Expansion of Digital Brand,"Customer support, reaching out for inquiries about digital strategy services to aid in brand growth. Would appreciate detailed information and pricing for the services offered. Thank you for your assistance, and I look forward to hearing back soon.","<name>, thank you for reaching out regarding digital strategy services to support brand growth. We offer a range of services designed to help businesses enhance their online presence and reach their target audience. Our services include social media management, content creation, and search engine optimization. We would be happy to provide more information and pricing. To better understand your needs and provide a personalized solution, could you please provide us with more details?",Request,Customer Service,low,en,Feedback,Sales,Tech Support,,,,,
Support for Data Analytics Platform Crash,"The data analytics platform encountered issues while processing client investment reports due to high server load and software conflicts, despite restarting applications and checking for updates. The problem continues and requires your assistance.",We need your help to resolve the crash on the Data Analytics Platform. Please provide any error messages and assist with troubleshooting.,Incident,IT Support,medium,en,Crash,Performance,IT,Tech Support,,,,
Tech Support Inquiry,"I am contacting you to ask about the integration possibilities for ClickUp within my existing technology infrastructure. Could you send me a detailed list of tools that are compatible with ClickUp and a short explanation of their integration features? Additionally, I would be grateful for any instructions on setting up these integrations and any supplementary materials you can provide.","Dear <name>, we have noted your email concerning ClickUp's integration options. We offer several compatible tools that can integrate with ClickUp, such as Google Drive, Trello, and Slack. We can send you a list with brief descriptions of their integration processes. If you need setup instructions and further resources, we are available to call you at your convenience. Would you be free for a call at <tel_num> or do you prefer a different time?",Request,IT Support,medium,en,Technical,Integration,Tool,Guidance,Documentation,,,
Problems with SaaS-Tools Integration,System downtime affecting JIRA and Google Meet. Restarting services and clearing caches resolved the issue.,"Investigate the integration issues with SaaS-Tools, particularly JIRA and Google Meet. Could you please provide detailed error messages? Additionally, we need your account number and contact information to assist further. Once provided, we can arrange a call to discuss potential solutions.",Incident,Service Outages and Maintenance,high,de,Bug,Outage,Disruption,Performance,IT,Tech Support,,
Support for Expanding a Brand,Seeking information on digital marketing tactics for brand growth. Please provide specifics on the services you offer.,"Appreciate your inquiry. We provide a range of digital marketing services to support brand growth, including social media management and search engine optimization. Let's discuss the details further.",Request,Technical Support,low,en,Feedback,Sales,IT,Tech Support,,,,
Update Integration Settings for Compatibility,"Customer support, requesting an update to the integration settings for various software tools to enhance compatibility with our scalable SaaS platform. The current settings, although optimized, are causing issues with data synchronization. I would greatly appreciate your assistance in updating these settings as soon as possible. Please let me know the necessary information so we can proceed.","Hello [name], we are happy to assist with updating the integration settings for compatibility. Could you please provide us with the specific software tools you are currently using and any current settings? This information will guide our update process. Additionally, we can schedule a call at your convenient time at [tel_num] to discuss further. Please let us know a suitable time for you.",Change,IT Support,medium,en,Feature,IT,Tech Support,,,,,
Notwendige technische Unterstützung,"Viele Werkzeuge funktionierten zeitgleich aus, verursacht durch einen Netzwerkausfall.","Wir entschuldigen uns für die dadurch verursachten Unannehmlichkeiten. Unser Team beschäftigt sich bereits damit, den Fehler so schnell wie möglich zu beheben. Bitte starten Sie die Werkzeuge neu und überprüfen Sie, ob sich der Fehler lindert. Falls der Problemfall sich nicht verbessert, wird ein Techniker hinschicken, um Ihnen zu helfen. Wir bedanken uns für Ihr Verständnis und geben Ihnen bald eine Aktualisierung zum Status der Reparatur.",Problem,IT Support,high,de,Technical,Network,Outage,Bug,Crash,Disruption,,
Digital Campaign Synchronization Problem Noted,"Hello Customer Support, <br>A digital campaign synchronization issue has been observed by me and I am reporting it here. <br>The issue surfaced after the recent software updates and configuration alterations. <br>Steps taken to troubleshoot include restarting the devices and verifying internet connectivity, but unfortunately, the issue still exists. <br>I kindly request you to examine the situation and offer a resolution at the earliest. <br>Please inform me if you need any further details from me for the resolution. <br>I am eagerly awaiting your response. <br>Thanks a lot for your attention and help. <br>Best regards, [Your Name]","Hello [name], We have noted your email concerning the digital campaign synchronization problem. Could you please share the <acc_num> and elaborate on the software updates and configuration changes that were implemented? I will look into this and get back to you with a solution as soon as possible. If necessary, I will reach out to you at <tel_num> for additional discussions.",Incident,IT Support,low,en,Technical,Bug,Software,Configuration,Resolution,Feedback,,
,"During the last deployment, users encountered notable performance issues with the application. This might be due to unoptimized code introduced in the latest update. We have already restarted the servers and rolled back the update, but the problems continue. The team is currently actively investigating the cause and working on a solution to restore optimal performance.",We are aware of the issue and the team is actively investigating to resolve the application performance slowdown. We will provide an update soon as a possible solution is found.,Problem,IT Support,high,en,Performance,Bug,IT,Tech Support,,,,
Support Needed,"Customer Support, facing issues with unauthorized access attempts to medical data in my report. The problems might be due to outdated security protocols. Despite efforts to enhance encryption and update system settings, these measures have been unsuccessful. I would greatly appreciate some guidance to resolve the issue and prevent similar occurrences in the future. Please let me know the next steps to take. Thank you for your assistance, and I look forward to hearing from you soon.","<name>, thank you for reporting unauthorized access attempts to medical data. I understand your concern and would be happy to help. To better assist you, could you discuss the issue further and provide details on the current security protocols and the updates that have been attempted? I will be available to call at <tel_num> to guide you through the next steps to enhance the security of the system and prevent future occurrences. Please let me know a suitable time to call. I look forward to speaking with you soon.",Problem,Billing and Payments,high,en,Security,IT,Tech Support,Performance,,,,
Support Request for Data Breach Issue,"There has been an unexpected data breach that may have compromised sensitive medical data. This is likely due to insufficient security measures and outdated software. Actions taken include securing the system, updating passwords, and monitoring network activity. Assistance is needed to ensure the necessary steps are taken to protect sensitive information and prevent future breaches.",Please review the case and contact +1-800-123-4567 to discuss the necessary assistance.,Incident,Customer Service,low,en,Security,Virus,IT,Tech Support,,,,
Support Inquiry for Invoice Management,"Please contact us to obtain details about the invoice management options in our software, including subscription renewal services. Would you like more information on various pricing models and plans? I look forward to providing details on available discounts and promotions, including potential discounts for long-term contracts or bulk purchases. Additionally, I would be happy to discuss our security measures and the methods we use to protect customer data. Thank you for your patience and I look forward to your response soon.","Dear [Name], thank you for your inquiry regarding invoice management. The Service-Desk is currently handling your request. We appreciate your interest in our subscription renewal services and invoice management options. We offer various plans and pricing models, including monthly and annual subscriptions, with discounts available for long-term commitments and bulk orders. Current promotions include a 10% discount for new customers and a 5% discount for referrals. To provide more detailed information, I would like to arrange a call to discuss your specific needs and address any questions you may have. We look forward to your response.",Request,Billing and Payments,low,de,Billing,Payment,Refund,Sales,Feature,Documentation,,
Support for Digital Marketing,Request for enhancements in digital marketing tools integration to optimize software performance. Aim is to enable effective brand growth strategies and improve the overall customer experience. Appreciate if could look into this matter and provide a solution as soon as possible. Thank you for your time and assistance.,<name> received your request for enhancements in digital marketing tools integration to optimize software performance. The goal is to enable effective brand growth strategies and improve the overall customer experience. Would appreciate it if could gather more information to better understand your requirements. Could please provide specific details and information regarding the enhancements you are looking for and the current challenges you are facing. This will help in providing a suitable solution and proposing the next steps to achieve your goals and improve overall performance.,Change,IT Support,medium,en,Feature,Performance,Feedback,IT,Tech Support,,,
Technische Probleme,Die Data-Analytics-Plattform funktioniert nicht richtig und es werden unkorrekte Investment-Analyse-Fehlermeldungen generiert. Dies könnte auf einen Software-Fehler hindeuten.,"Wir untersuchen aktuell das Problem mit der Data-Analytics-Plattform. Um Ihnen besser zu helfen, bitten wir Sie, die genaue Uhrzeit der unkorrekten Investment-Analyse-Fehlermeldungen und eventuelle Fehlermeldungen, die Sie erhalten haben, mitzuteilen. Diese Informationen helfen uns, den möglichen Software-Fehler zu untersuchen und eine Lösung zu finden. Falls notwendig, können wir telefonisch mit Ihnen im vereinbarten Zeitpunkt diskutieren. Bitte geben Sie ein geeignetes Zeitfenster für den Anruf an <tel_num>.",Incident,Customer Service,medium,de,Bug,Performance,IT,Tech Support,,,,
Medical Support,"I am reaching out to inquire about solutions that can secure medical data and enhance hospital infrastructure. Could you provide details on the services you offer, including data encryption and network security? I would greatly appreciate any information that could help improve the overall efficiency of hospital operations. Thank you for your time and assistance. I look forward to hearing from you soon.","We offer data encryption and network security solutions to secure medical data and enhance hospital infrastructure, which can improve operational efficiency. Please call <tel_num> to discuss the details and provide information on our services.",Request,Product Support,high,en,Network,Security,Performance,IT,Tech Support,,,
Aid for Issues with Website Performance,"Dear Customer Support, the performance of the agency websites has significantly slowed down, causing delays in campaign management. Despite clearing caches and optimizing images, the issues persist. I suspect that this might be due to increased traffic or underlying infrastructure problems. Could you please investigate and offer a solution to improve website performance?","Dear [Name], we have taken note of your email regarding the issues with the agency website performance. We apologize for the inconvenience this has caused with the campaign management. To better assist you, we would appreciate any additional information about the website, such as the host platform and any recent changes. If possible, we would be happy to discuss potential solutions over the phone at [Phone Number], such as optimizing database queries or upgrading the hosting plan. Please inform us of a convenient time for the call.",Incident,Technical Support,low,de,Performance,Disruption,IT,Tech Support,,,,
Technical Help,"The scanner is not functioning correctly because of old drivers and recent macOS updates. Despite efforts to restart, update software, and reinstall drivers, the problem remains unresolved.","To resolve your scanner issue, could you kindly share your computer and scanner model along with the version of macOS you are running so that I can guide you on the appropriate drivers and updates?",Incident,IT Support,medium,en,Technical,Hardware,Software,Driver,Update,Resolution,,
Problem with SQL Server Downtime,"Faced an SQL Server outage that disrupted data analytics processing, impacting investment optimization. The outage might be due to high query loads on the server. Restarted the SQL Service and reviewed the server logs for any errors.","Noted the SQL Server outage issue affecting data analytics processing. To investigate further, could you please provide details on the high query loads that might have caused the outage? Additionally, I would like to review the server logs for any errors. If necessary, we can schedule a call to discuss the issue and explore possible solutions to prevent future outages. Please let me know a convenient time to contact you at <tel_num>.",Incident,Technical Support,medium,en,Outage,Performance,Network,Recovery,IT,Tech Support,,
Strategies for Enhancing Digital Brand Growth,I hope this message finds you well. I am interested in learning about effective digital strategies that can help boost brand growth and engagement for businesses. Could you share some insights or recommendations on this matter? Your input would be greatly appreciated.,"Hello <name>, thank you for reaching out with your inquiry regarding digital brand growth and engagement strategies for businesses. To enhance brand growth and engagement, we suggest developing a robust online presence through social media marketing, search engine optimization, and content creation. Let's delve deeper into these strategies and tailor recommendations to fit your specific requirements. Could you please provide more details about your business and goals? If you're available, I propose scheduling a call at <tel_num> to discuss these strategies in more detail and address any questions you may have about our services and how we can support you.",Request,Customer Service,medium,en,Digital,Strategy,Growth,Brand,Engagement,Business,Feedback,
Support for QuickBooks,"I am seeking information on billing options and the integration of the QuickBooks Online SaaS platform. Could you provide details on the available plans and pricing? I would appreciate it if you could explain the benefits of each plan and how they cater to different business needs. Additionally, I would like to know if there are any discounts available for long-term commitments and if a free trial period is offered. Please let me know the necessary information to assist with my inquiry.","Thank you for your interest in integrating the QuickBooks Online SaaS platform. We offer various plans with different pricing and benefits. To provide you with detailed information, could you please provide us with more details about your business needs? We are happy to discuss the plans and pricing and let you know if you are eligible for any discounts or if a free trial period is available.",Request,Billing and Payments,high,en,Billing,Payment,Refund,Sales,Feature,Documentation,,
Support Required,"Dear Customer Support, I am writing to report an issue with the data visualization dashboard. The dashboard is not loading, and I suspect it might be due to an outdated browser version. I have already tried restarting my browser and clearing the cache, but the problem still persists. I would greatly appreciate your assistance in resolving this matter. Please let me know if there are any additional steps I can take or if you require more information from me. I am available to provide further details if needed. Thank you for your time and support. I look forward to hearing from you soon. Sincerely, [Your Name]","Dear [Your Name], thank you for reporting the issue with the data visualization dashboard. We will investigate and contact you shortly. Could you please confirm your browser version and provide a screenshot of the error message for further assistance?",Incident,Technical Support,low,en,Technical,Customer,Outage,Bug,Browser,Resolution,,
Concerns with Data Analytics,The data analytics tool is yielding inconsistent results. It appears recent software updates might be the cause of data input errors. Efforts to revert to previous versions and validate input data have been unsuccessful.,"In response to your email regarding issues with the data analytics tool, I am sorry to hear that you are experiencing inconsistent output. I understand that your attempts to revert to previous versions and validate input data were unsuccessful. To help us investigate the issue, we would like to gather some information. Please provide the exact error message you are seeing and the steps you took to try and resolve the issue. It would also be helpful to know which version of the software you are currently using and the approximate time frame of the issue.",Incident,Human Resources,medium,en,Bug,Performance,Feature,IT,Tech Support,,,
,"Dear Customer Support, the critical data analytics report generation has failed due to software compatibility issues arising from recent updates. I have attempted to reinstall the affected software and restart the systems, but the issue still persists. I urgently need assistance to resolve this matter to avoid any delays.",We will assist with resolving the software compatibility issue. Please provide details on the updates and affected software so we can investigate further.,Incident,Technical Support,high,en,Bug,Performance,IT,Tech Support,,,,
Bericht über einen Fehler in der Datenaufbereitungsoberfläche,"Sehr geehrte Kundenservice, ich wende mich an Sie, um einen Fehler in unserer Datenaufbereitungsoberfläche zu melden. Die Oberfläche ist während der Nacht nicht aktualisiert worden, aufgrund eines Synchronisierungsfehlers. Ich bin der Meinung, dass dies ein Problem mit dem Smartsheet-API sein könnte. Bislang habe ich versucht, Smartsheet neu zu starten und unsere Netzwerkverbindung zu überprüfen, aber das Problem behält sich bestehen. Ich würde mich freuen, wenn Sie mir helfen könnten, dieses Problem zu lösen. Bitte geben Sie mir Bescheid, falls Sie weitere Informationen benötigen. Vielen Dank für Ihr Verständnis und Ihre Unterstützung. Ich freue mich darauf, Ihre Rückmeldung zu erhalten.","Sehr geehrte <name>, vielen Dank, dass Sie sich an unseren Kundenservice gewandt haben, um das Problem mit Ihrer Datenaufbereitungsoberfläche zu melden. Es tut mir leid, dass die Oberfläche sich während der Nacht aufgrund eines Synchronisierungsfehlers nicht aktualisieren konnte. Wir danken Ihnen für die Schritte, die Sie bisher unternommen haben, darunter das Neustart von Smartsheet und die Überprüfung Ihrer Netzwerkverbindung. Um dieses Problem weiter zu untersuchen, könnten Sie uns bitte mehr Details zu den Fehlern geben, die Sie sehen, und zu Änderungen, die Sie in letzter Zeit an Ihrem Smartsheet-Konfiguration vorgenommen haben. Darüber hinaus könnten wir es nötig haben, mit Ihnen zu sprechen, um dieses Problem weiter zu diskutieren. Wären Sie für eine Telefonkonferenz am geeigneten Zeitpunkt verfügbar? Bitte geben Sie uns eine passende Zeit für <tel_num>, oder wir vereinbaren eine Konferenz zu unserer frühesten Gelegenheit. Wir werden unser Bestes tun, um dieses Problem so schnell wie möglich zu lösen und Ihre Datenaufbereitungsoberfläche zu aktualisieren.",Problem,Product Support,medium,de,Technical,Bug,Crash,Feedback,Resolution,,,
Digital Strategies for Growth,"Dear Customer Service, I am interested in exploring digital strategies that can aid in the growth of our brand. I am particularly interested in understanding various digital channels and tools that can help our company promote itself and engage with customers. Could you please provide more information on digital marketing efforts, such as Social Media, E-Mail Marketing, and Search Engine Optimization (SEO)? I would greatly appreciate insights into how these strategies have contributed to market success. Thank you for your time.","Dear [Name], thank you for your email regarding digital strategies for growth. We utilize various digital channels including Social Media, E-Mail Marketing, and SEO to promote our brand and engage with customers. I would be happy to discuss this further. Please share a suitable time slot for a call at [Phone Number], so we can explore these digital marketing efforts together and see how they can support market growth.",Request,Technical Support,medium,de,Feedback,Sales,Marketing,Documentation,IT,Tech Support,,
Support Inquiry,"Digital campaign analysis has stopped, need to update, brand growth tracking is affected. Integration issues with various tools are to blame. API connections need to be checked, looking for software updates.","To resolve this, further information and solutions will be needed to contact us.",Incident,Technical Support,medium,de,IT,Tech Support,Performance,Bug,Feature,,,
System Requirements,I would like to know the system requirements for your project management SaaS platform to check compatibility.,"Dear Support Team, thank you for reaching out to us regarding the system requirements for our project management SaaS platform. The system requirements include at least 4GB of RAM, a processor running at 2.4 GHz, and a compatible web browser such as Google Chrome or Mozilla Firefox. For detailed information, I can provide you with a link to our website where you can find the full system requirements. Should you have any further questions or concerns, please let me know and I will be glad to assist you.",Request,Technical Support,medium,de,Technical,Software,Compatibility,Documentation,,,,
Inquiry on System Requirements for Project Management SaaS,"I am contacting you to seek details on the necessary system specifications for the optimal functioning of your project management software as a service. Could you furnish me with the minimum and recommended system configurations, including the processor speed, memory capacity, and the required operating system? This information is crucial for ensuring that our team's devices meet the requirements and can operate the software seamlessly.","I will provide you with the system requirements for our project management SaaS. You can find the details on our website, or I can call you at your convenience to discuss further.",Request,Customer Service,high,en,Technical,Product,Documentation,Guidance,,,,
Customer Support,"Our marketing agency has encountered software malfunctions that are affecting our brand growth strategies. Recent system updates have been conflicting with our existing applications, leading to these issues. Despite our efforts to troubleshoot by reinstalling the affected software and clearing caches, the problems continue. We need your assistance to resolve these issues and get our systems running smoothly again.","Dear [Name], we apologize for the inconvenience caused by the software malfunctions. We appreciate the troubleshooting steps you have taken so far. To better understand the issue, could you please provide details on the system updates and existing applications that are conflicting? Additionally, knowing the exact error messages you are receiving would be very helpful. We would like to schedule a call to discuss the issue and work on a resolution. We are available at your convenience. Please let us know a suitable time for us to arrange.",Incident,Technical Support,high,en,Bug,Performance,IT,Tech Support,,,,
Continuous Issues with Online Product Display,"Facing difficulties with online product display during customer engagement. Campaign budget adjustments, keyword refinement, and improvements are needed.",I apologize for the ongoing issues with the online product display. I would like to discuss this further. Please provide more details on the campaign and the steps taken so far. You can contact us at <tel_num> to assist with resolving the problem.,Incident,Returns and Exchanges,medium,de,Feature,Feedback,Performance,Documentation,,,,
Verbesserung des Projekt-Managements mit Ubuntu 20.04 LTS und Redis 6.2,"Sehr geehrte Kundenservice, ich schreibe in diesem Brief, um zu erkundigen, wie ich Ubuntu 20.04 LTS mit Redis 6.2 integrieren kann, um die Skalierbarkeit und Leistung des Projekt-Managements zu verbessern. Ich denke, dass diese Integration unser Team in der Lage setzen wird, größere Workloads zu verarbeiten und unseren Kunden bessere Dienstleistungen anzubieten. Könnten Sie mir bitte mehr Informationen dazu geben, wie ich diese Integration umsetzen kann? Ich würde jede von Ihnen bereitgestellte Ratgebersupport oder Ressourcen sehr schätzen. Zusätzlich würde ich gerne wissen, ob es bestimmte Systemanforderungen oder potenzielle Herausforderungen gibt, die ich beachten sollte. Ich freue mich darauf, von Ihrer Unterstützung zu hören. Vielen Dank für Ihre Zeit und Ihre Hilfe. Ich freue mich darauf, von Ihnen bald zu hören. Mit freundlichen Grüßen, [Ihr Name]","Sehr geehrte [name], wir bedanken uns für Ihr Interesse an der Integration von Ubuntu 20.04 LTS mit Redis 6.2 für die Verbesserung des Projekt-Management. Um Ihnen bei dieser Integration zu helfen, empfehlen wir Ihnen, unsere offiziellen Dokumentationen und Tutoriumsleitfäden auf unserer Website zu überprüfen. Bei spezifischen Systemanforderungen empfehlen wir eine Mindestmenge von 4 GB RAM und ein Dual-Core-Prozessor. Potenzielle Herausforderungen könnten die Kompatibilität mit anderen Software liefern. Wenn Sie weitere Beratung benötigen, geben Sie uns bitte ein geeignetes Zeitfenster an, um an der Telefonnummer <tel_num> anzurufen und Ihren Projekt zu besprechen und Ihnen spezifische Unterstützung anzubieten. Wir freuen uns darauf, Ihnen dabei zu helfen, Ihre Ziele zu erreichen.",Change,Technical Support,high,de,Customer,Product,Feature,Integration,Performance,Documentation,Guidance,
Problem bei der medizinischen Scanner-Bearbeitung,"Die medizinische Datenbearbeitung hat plötzlich ausgesetzt. Es könnte sein, dass der Scanner-Treiber überfällig ist. Nach dem Neustart des Scanners und der Aktualisierung des Treibers blieb das Problem bestehen.","Sehr geehrte(r) <name>, wir bestätigen den Fehler mit Ihrem medizinischen Scanner und die von Ihnen ausgeführten ersten Schritte. Um das Problem weiter zu untersuchen, bitten wir Sie, uns den genauen Fehlerbericht und den Namensbezeichner des Scanners zu melden. Wenn notwendig, können wir vereinbaren, dass ein Fachmann Sie kontaktiert, um das Problem genauer zu charakterisieren und mögliche Lösungen zu besprechen. Falls ein technisches Ticket erforderlich ist, ist <acc_num> für diesen Fall zuständig.",Incident,Customer Service,low,de,Technical,Product,Outage,Crash,Hardware,,,
Problem with Campaign Launch,"Hello customer support, I am contacting you to report that my digital marketing campaigns have not been able to start. This may be because of an incompatibility with the Express.js version I am using. Despite attempting to restart my Mac Mini and updating McAfee, the issue remains. I would be grateful if you could examine this situation and offer a remedy at your earliest convenience. Please inform me if you need further details from me to address this concern.",We regret the difficulties you are experiencing with your campaigns. We will look into the compatibility issues with Express.js. Could you please share your current Express.js version and any error messages you have encountered? We will strive to address and resolve this issue promptly and provide a solution or workaround to get your campaigns running.,Incident,Technical Support,low,en,Technical,Campaign,Compatibility,Bug,Software,Resolution,Support,Error
Problem with Project Management Dashboard,"There are occasional access problems with the project management dashboard. This might be related to recent server updates. I have cleared the cache and verified the user permissions, but the issue continues. We need your help to resolve this as soon as possible. We would greatly appreciate a quick response to this matter and are looking forward to your prompt attention. Thank you.",We will investigate the issue with the project management dashboard and can be reached at <tel_num>. Please call us to discuss and resolve the matter as soon as possible.,Incident,Product Support,medium,en,Bug,Performance,Network,IT,Tech Support,,,
Django ElasticSearch HIPAA Compliance Issue,Ensure that the security protocols comply with HIPAA regulations.,We will immediately review the security protocols of Django ElasticSearch to ensure compliance.,Request,Billing and Payments,medium,de,Technical,Security,Compliance,HIPAA,,,,
Support Request: Medical Data Encryption Issue,"Dear Customer Support, I am inquiring about a problem I encountered with the medical data encryption process. The encryption failed abruptly, and I suspect it might be a result of a software configuration error. Despite restarting the servers and updating the software, the issue remains unresolved. I would be highly grateful if you could offer any guidance to address this. Please inform me if there are specific actions I should undertake or if you need further information from me. I am ready to supply any necessary details or engage in further discussion. Thanks for your assistance. Best regards, [Your Name]","Dear [Name],<br><br>Thank you for contacting us about the encryption issue with your medical data. We apologize for the inconvenience. We are available to assist you. Could you please share more specifics about the software configuration and the precise error message you are getting? This will aid us in diagnosing the problem. Should a call be necessary, please let us know a suitable time to reach you at <tel_num>. We aim to resolve this matter promptly. Thank you for your patience and cooperation.",Problem,IT Support,medium,en,Technical,Security,Bug,Documentation,Guidance,,,
Security of Medical Data,Could you provide details on securing medical data using the Hub Smart-Thermometer products? Thank you.,Please contact us to discuss securing medical data with our products soon.,Request,Technical Support,medium,en,Security,Product,Feature,,,,,
Assistance Needed,Guidance Required for Integrating Microsoft SQL Server 2019 with SaaS Project Management Platforms?,"I am pleased to assist with the integration of Microsoft SQL Server 2019 with SaaS project management platforms. Detailed instructions will be provided, but I need more information about your current environment and requirements. Could you please provide additional details to better support the integration process and offer an appropriate solution?",Request,Technical Support,high,de,IT,Tech Support,Feature,,,,,
Fehler in den Investment-Modellierungs-Ausgaben,"Ein Missverständnis gibt es hier: Das Problem: Die Investment-Modellierungs-Ausgaben sind korrekt dargestellt, was zu ungenauen Prognosen führt. Warum es passieren könnte: Fehlende Daten oder veraltete Verfahren. Was bereits versucht wurde: Kubernetes wurde neu gestartet, die PostgreSQL-Verbindungen wurden geprüft, und Antiviren-Skannierungen wurden durchgeführt.","Sehr geehrte/r [Name], wir haben bemerkt, dass die Investment-Modellierungs-Ausgaben fehlerhaft sind und zu ungenauen Prognosen führen. Um das Problem weiter zu erkunden, würde ich gerne mehr über die möglichen Daten- und Verfahrensfehler erfahren. Könnten Sie bitte Details zu den Fehlern und den bereits durchgeführten Schritten geben? Ich werde auch Ihre [acc_num] benötigen, um diese Angelegenheit weiter zu untersuchen und könnte Sie bei [tel_num] anrufen, um die nächsten Schritte zu besprechen.",Incident,Technical Support,medium,de,Technical,Bug,Performance,Documentation,Feedback,,,
Request for Updating Product Details and Integration Options,"Dear Customer Support, I am writing to request an update to the product details and integration options. The current process is causing inconvenience to customers, and we would like to request that the product details be updated to reflect the correct information. Additionally, we would appreciate if the integration options could be updated to include more flexible options for customers, as this would greatly improve the overall customer experience and reduce the number of returns and exchanges. Thank you.","Thank you for reaching out to us regarding the update to product details and integration options. We understand that the current process is causing inconvenience to customers and appreciate your suggestions for improving the overall customer experience. Your request will be forwarded to the product development team for review and update as soon as possible. To better assist you, could you please provide specific information regarding the product details and the integration options you would like to see updated?",Change,Returns and Exchanges,low,en,Product,Feature,Update,Return,Exchange,Feedback,,
Benachrichtigung über unbefugten Zugriff auf Server,"Die Benachrichtigung über einen unbefugten Zugriff wurde auf dem Server ausgelöst, der medizinische Daten verwaltet. Mögliche Ursache: schwache Firewallregeln und veraltete Software. Versuche, das System sicherer zu gestalten, umfassten eine Durchführung des Antivirus-Scans und das Updaten der Software. Allerdings bestehen die Probleme nach wie vor.",wir untersuchen den Fall bald und werden Sie kontaktieren,Incident,Billing and Payments,low,de,Security,IT,Virus,Performance,,,,
Unterstützung bei digitale Kampagnen,"Aufgrund technischer Integrationsmängle konnten verschiedene Tools und Plattformen für die Ausführung der digitalen Kampagnen nicht verwendet werden. Die Wiederherstellung der Server, die Überprüfung der API-Verbindungen und die Aktualisierung der Software haben die Probleme nicht gelöst. Diese Misserfolge haben die Wachstumsrate der Marke erheblich beeinträchtigt.","Ich bin in Bezug auf Ihre technischen Integrationsprobleme bei den digitalen Kampagnen besorgt. Bitte geben Sie ausführliche Informationen über die spezifischen Tools und Plattformen, die nicht korrekt integriert sind, und bestätigen Sie mir die genauen Fehlermeldungen, die Sie erhalten haben. Diese Informationen werden mir helfen, das Problem weiter zu analysieren und eine angemessene Lösung anzubieten. Falls erforderlich, kann ich auch eine Anrufzeit mit Ihnen vereinbaren, um dies weiter zu besprechen. Geben Sie mir eine passende Zeit, um Sie anzurufen, <tel_num>.",Incident,Technical Support,high,de,Technical,Campaign,Integration,Server,API,Software,Performance,Feedback
Assistance Required,"Our medical data security system is facing vulnerabilities, possibly due to outdated software without proper encryption. Despite attempts to secure the system by updating applications and implementing firewall rules, the issues continue. Urgent assistance is needed to resolve this issue as soon as possible.",Please call <tel_num> to discuss resolving the medical data security vulnerabilities immediately.,Problem,Technical Support,high,en,Bug,Security,IT,Tech Support,,,,
Data Breach Incident,"We have encountered a significant data breach impacting our medical data systems. This may have occurred due to outdated security protocols. We have attempted to implement immediate patches and security updates across the affected products, but the issue persists. We require urgent assistance to resolve the matter and prevent further breaches.","We are responding to your urgent email regarding the data breach affecting your medical data systems. To assist you, we need information on the security updates that have been applied to address the current issues you are experiencing. Could you please provide details on any errors or symptoms you are seeing? We will schedule a call at your earliest convenience to discuss and provide a solution to prevent future breaches.",Problem,Technical Support,high,en,Security,Outage,Maintenance,IT,Tech Support,,,
Frage zur Anpassbaren Digitalen Strategie-Dienstleistung,"Ich möchte mehr über Ihre digitalen Strategie-Dienstleistungen erfahren und erfahren, wie sie die Markenwachstumsstrategie beeinflussen können. Könnten Sie bitte mehr Details zu den angebotenen Dienstleistungen geben, z.B. Sozialmedien-Management, Inhaltsanfertigung und Suchmaschinenoptimierung? Es wäre toll, wenn Sie einige Fallstudien oder Erfolgsgeschichten von früheren Kunden teilen könnten. Darüber hinaus interessiere ich mich für die Expertise und Erfahrung Ihres Teams in diesem Bereich. Ich suche nach einer umfassenden digitalen Strategie, die das volle Potenzial meiner Marke voll ausnutzen kann. Ich freue mich auf Ihre Rückmeldung und bin bereit, einen Anruf zu vereinbaren, um meine spezifischen Bedürfnisse zu besprechen.","Wir bieten anpassbare digitale Strategie-Dienstleistungen an. Sie können uns gerne anrufen, um mehr Informationen zu erhalten und unsere spezifischen Dienstleistungen für Ihre Bedürfnisse zu besprechen.",Request,Technical Support,medium,de,Feature,Feedback,Sales,Documentation,,,,
Investment Data Analytics Platform Crash,"The investment data analytics platform unexpectedly halted because of inadequate system resources or software conflicts. After restarting the systems and reviewing for available updates, the issue remains unresolved.","I am responding to your concerns about the investment data analytics platform crash, which appears to be due to insufficient system resources or software conflicts. I appreciate your proactive steps in restarting the systems and verifying updates. To effectively address the problem, I kindly request additional details on the error messages you encountered and the updates you applied. Should further assistance be required, I am available for a detailed discussion at a mutually convenient time. Please provide the requested information or suggest a time for a call so that I can assist you in fully resolving the issue with the investment data analytics platform.",Problem,IT Support,high,en,Crash,Hardware,Technical,Resolution,Incident,Performance,,
Boost Data Analytics Support,Requesting an enhancement in our data analytics capabilities. We are aiming to optimize our investment strategies using the appropriate software and hardware tools to improve our data-driven decision-making and stay ahead of the competition. We believe that the right tools can support us in achieving our goal and driving business growth. I would greatly appreciate your guidance and recommendations on the tools to use. Thank you for your time and assistance.,"I would be happy to help enhance your data analytics capabilities, <name>. To provide suitable recommendations for software and hardware tools, could you please share more information about your current setup and specific requirements? You can contact <tel_num> to discuss and receive guidance on the tools that can support your investment strategies.",Change,Sales and Pre-Sales,high,en,Feature,Documentation,Feedback,IT,Tech Support,,,
Request for Updated Hardware and Software Compatibility,"Dear Customer Support Team, I am contacting you to inquire about the integration of new hardware and software compatibility to enhance our project management experience. As a valued customer, I believe it is crucial to adopt the latest technologies in order to achieve efficient and effective project management. The current system has some limitations, and I am requesting an update to include the latest hardware and software compatibility, which would facilitate better project management. Could you please share with me the current status of this integration and provide an estimated timeline for its implementation? Furthermore, are there any plans to introduce new features or updates that would further improve the project management experience? I would be grateful if you could provide me with more information on these matters. Thank you for your time and assistance. I am looking forward to hearing back from you soon. Please notify me if you need any additional information from me.","Dear [Name], thank you for your email regarding the integration of new hardware and software compatibility to enhance the project management experience. We appreciate your feedback and consider your opinion valuable. Our team is currently in the process of updating the system to include the latest hardware and software compatibility. We will provide you with the current status and an estimated timeline for implementation. To assist you better, could you please provide us with your account number [acc_num] and a convenient time for us to call you at [tel_num] to discuss this matter further? We will be happy to address any questions you may have and update you on new features and releases.",Change,Product Support,high,en,Technical,Customer,Product,Hardware,Software,Integration,Feedback,Maintenance
,"Dear Customer Support, I am in need of your assistance as I have encountered a data breach through an insecure network. The root cause is due to insufficient encryption and out-of-date firmware. Despite my efforts to address the issue by restarting the router and reviewing the firewall settings, the problem continues to persist. I would greatly appreciate your help in securing my network and preventing future breaches. Could you kindly offer guidance on how to update the firmware and enhance encryption? Additionally, I would be grateful for any supplementary advice to strengthen the security of my network. Thank you for your attention and assistance. I eagerly await your response. Sincerely, [Your Name]",I will assist you in securing your network and guide you on updating the firmware and implementing sufficient encryption. Please allow me to call you at a convenient time to discuss further and provide additional recommendations to enhance your network security.,Problem,Billing and Payments,high,en,Security,Breach,Network,Guidance,Documentation,Incident,,
Security Measures for Medical Data in Hospital Infrastructure,Could you provide detailed solutions for securing medical data within our hospital's infrastructure?,"We take the security of medical data in our hospital infrastructure very seriously. Solutions include implementing robust firewalls, encrypting sensitive data, and conducting regular security audits to identify vulnerabilities. We also provide secure access controls and monitoring systems to prevent unauthorized access. For detailed information, we would be happy to schedule a call to discuss your specific needs and requirements. I am available for a call at your convenience; please let me know a suitable time to make the arrangement.",Request,Sales and Pre-Sales,medium,en,Security,IT,Tech Support,Documentation,,,,
Aktualisierung der Datenbank-Clusterverwaltungskonfiguration,"Aktualisieren Sie die Datenbank-Clusterverwaltungskonfiguration, um die Leistung und Zuverlässigkeit für die Projektmanagement-Softwareas-a-Service-Plattform zu verbessern.","Ich werde die Datenbank-Clusterverwaltungskonfiguration aktualisieren, um die Leistung und Zuverlässigkeit für die Projektmanagement-Softwareas-a-Service-Plattform wie verlangt zu verbessern.",Change,Service Outages and Maintenance,high,de,Technical,Performance,Maintenance,Upgrade,Software,Documentation,Resolution,Bug
Frage zum Einsatz von Elasticsearch in Xero und Microsoft-Produkten,"Sehr geehrte Kundensupport, ich schreibe hier, um zu erfahren, welche Zahlungsweisen für die Elasticsearch-Integration in Xero und Microsoft-Produkte zur Verfügung stehen. Könnten Sie mir dieselben Informationen zum Preispläne und eventuellen Rabatten wie möglichst schnell liefern? Es wäre mir auch wertvoll, wenn Sie mir die Prozedur und die Kosten für die Zahlungserledigung erklären und savoir si des frais supplémentaires sont associés à l'intégration. De plus, je suis curieux de savoir si il y a des limites ou des restrictions concernant le nombre d'utilisateurs ou les données à intégrer. Je suis en train de préparer mon entreprise pour l'utilisation d'Elasticsearch avec Xero et Microsoft-Produits, et je veux être sûr de prendre en compte tous les coûts engagés. Merci beaucoup pour votre temps et votre aide. J'attends votre retour avec impatience. Cordialement, [Veuillez remplacer par votre nom]","Ich werde Ihnen die erforderlichen Informationen zu den Preisplänen für die Elasticsearch-Integration und die Zahlungsablaufweisen bereitstellen. Ich werde Sie zu einem geeigneten Zeitpunkt kontaktieren, um Ihre Geschäftsbedürfnisse und die verfügbaren Optionen weiter zu besprechen.",Request,Billing and Payments,low,de,Billing,Product,Payment,Customer,,,,
Support for Security Concern,"A healthcare organization faced an unauthorized breach of medical data, which may be attributed to weak security measures. They have already implemented firewall enhancements and antivirus scans, but the issue continues. Assistance is required to identify the root cause and to implement a solution to prevent future occurrences.",Please investigate the security concern by contacting us at <tel_num>. We can discuss the necessary steps to resolve the problem.,Problem,Technical Support,low,en,Security,Virus,IT,Tech Support,Performance,Feedback,,
Verfügbare Integrationsoptionen für QuickBooks Online,"Kontaktieren Sie uns, um Informationen über die verfügbaren Integrationsoptionen für QuickBooks Online und unser SaaS-Projektmanagement-Tool zu erhalten. Bitte geben Sie uns Details zu den verfügbaren Integrationen an, z.B. API-Verbindungen und Drittanbieter-Connector. Wir schätzen Ihre bereitgestellten Informationen zum Thema und empfehlen Ihnen, die Website zu besuchen oder uns auf Tel. <tel_num> für weitere Unterstützung zu kontaktieren. Wir freuen uns darauf, die verfügbaren Optionen sowie eventuelle Einschränkungen in einer detaillierteren Diskussion vorzustellen.","Sehr geehrte <name>, wir bieten API-Verbindungen und Drittanbieter-Connector für die Integration von QuickBooks Online in unser SaaS-Projektmanagement-Tool an.Für weitere Informationen und Anleitungen zur Einrichtung empfehlen wir Ihnen, unsere Website zu besuchen oder uns telefonisch auf Tel. <tel_num> für Unterstützung zu kontaktieren. Wir freuen uns darauf, die verfügbaren Optionen sowie eventuelle Einschränkungen in einer detaillierteren Diskussion vorzustellen.",Request,Customer Service,low,de,Feature,Documentation,Tech Support,,,,,
Identifying Issues with Campaign Engagement,"Customer Support, <br>Our campaign metrics for Lynda.com Spiegellose Kamera indicate a notable drop in engagement. <br>Potential causes may include recent algorithm changes or ineffective targeting strategies. <br>We have made adjustments to ad spend and audience demographics, which have shown some improvement. <br>We would greatly appreciate your assistance in identifying the root cause of the issue and providing guidance to optimize our campaigns for better performance. <br>Please let us know if you need any additional information.","Upon reviewing the campaign metrics for Lynda.com Spiegellose Kamera, we would like to discuss and identify the root cause of the decline in engagement. Please provide details on any recent adjustments made to ad spend or audience demographics. You can contact us at <tel_num> to discuss the next steps.",Incident,Product Support,high,en,Feedback,Performance,Documentation,Sales,,,,
Support for Project Management SaaS Application Issues,"Our project management SaaS application is encountering functionality problems across multiple devices. It appears recent updates or integration conflicts might be the cause. We have already tried clearing the cache, reinstalling the application, and checking for updates, but the issue still persists. We need assistance to resolve this problem.","We are here to help with the functionality issues you are experiencing with your project management SaaS application. To better understand the issue, could you please provide more details about the errors you are encountering and any recent integrations or updates made? For your convenience, we would like to schedule a call to troubleshoot and resolve the issue. Please let us know a suitable time for the call at <tel_num>.",Incident,Technical Support,high,en,Bug,Performance,IT,Tech Support,,,,
Update project software dashboard,Optimize the layout of the project management software dashboard for a better user experience and easier navigation. The revised design will facilitate quicker access to project tools.,Your request to update the project software dashboard layout for enhanced user experience and navigation has been noted.,Change,IT Support,low,en,Technical,Product,Feedback,Documentation,UserExperience,Navigation,,
Securing Medical Data on a WordPress Healthcare Site,"We are reaching out for guidance on securing medical data within a WordPress healthcare site. Our healthcare organization needs to ensure that our website is compliant with relevant regulations as we handle sensitive patient information. Could you provide us with recommendations for plugins, themes, and security practices to secure our WordPress site? We would greatly appreciate advice on data encryption, access controls, and backup procedures. Additionally, we are interested in understanding specific WordPress features that can help maintain the confidentiality of patient data.","Thank you for your concern regarding the security of medical data on your WordPress site. To ensure compliance with regulations, we recommend using reputable plugins for data encryption and access controls, as well as implementing two-factor authentication. Regular backups are also crucial. We can discuss specific WordPress features and best practices for maintaining the confidentiality, integrity, and availability of patient data. For a detailed discussion, we are available for a call at <tel_num>; please let us know a convenient time for you.",Request,Customer Service,low,en,Security,Compliance,Documentation,IT,Tech Support,,,
Report on System Outage: Impact on Medical Data Security,"A system outage is impacting medical data security and hospital operations. The cause is unknown, but a recent software update or network failure is suspected. The team has restarted affected systems and reached out to vendors for assistance.","<name> has received the incident report concerning the system outage affecting medical data security and hospital operations. It is understood that the cause is unknown, with a recent software update or network failure being suspected. A discussion to determine the next steps would be appreciated. A call at the earliest convenience to gather information and work towards a resolution would be ideal. Please let us know a suitable time for the call at <tel_num> for account <acc_num>.",Incident,Service Outages and Maintenance,medium,en,Outage,Security,Network,IT,Performance,Tech Support,,
Jenkins Data Analytics Inquiry,"I am contacting you to request information on data analytics tools that can be integrated with Jenkins for the purpose of investment optimization. I would be very grateful for any details or suggestions you could provide. Particularly, I am interested in tools that can assist me with the analysis and optimization of my investments. Thank you for your time and help.","Hello <name>, we are grateful for your query regarding data analytics tools that can be integrated with Jenkins for investment optimization. We have several solutions that can aid you in analyzing and optimizing your investments. Notable among these are Jenkins plugins that offer insights and metrics on investment performance. I would like to discuss this further with you and provide more specific recommendations. To better assist you, could you please share more details about your current investment setup and the specific metrics you aim to track? Alternatively, you can reach me at <tel_num> for a phone call if you prefer to discuss this matter over the phone.",Request,Billing and Payments,low,en,Technical,Product,Feedback,Guidance,Documentation,,,
Request for DataRobot Integration,"Dear Customer Support Team, I am writing to inquire about the DataRobot SaaS Project Management Operating System integration. I am interested in leveraging DataRobot's capabilities to enhance project management functionalities. Could you please provide more information on the integration process, including necessary documentation, APIs, and developer resources? Additionally, it would be helpful if you could give advice on potential challenges that may arise during the integration process and provide information on the benefits of integrating the DataRobot operating system to improve project management workflows.","Dear [Name], thank you for reaching out to the Customer Support Team to request information on the DataRobot SaaS Project Management Operating System integration. I am pleased to offer further details, including necessary documentation, APIs, and developer resources. To begin the integration process, I recommend visiting the Developer Portal where you can find detailed guides and tutorials that will assist you in integrating the DataRobot operating system. If you have any specific questions that require further assistance, please let me know so we can connect. Alternatively, ",Request,Technical Support,medium,de,Feature,Documentation,Tech Support,,,,,
Invoicing Discrepancy Inquiry,"I am contacting you to address a recent billing irregularity. I was overbilled for goods I did not request. I believe this could be a result of a misconfigured account. I had previously reached out for assistance, but have not received a resolution. I kindly ask that you investigate and resolve this matter promptly. Please inform me if more details are needed from my side. I await your response.","We are examining the overcharge on your most recent invoice for goods that you did not request. To better assist you, could you please furnish your account number and the corresponding invoice number? After reviewing your case, we will get back to you to discuss a solution. Would you be available for a call to further discuss this? ",Problem,Billing and Payments,low,en,Billing,Account,Resolution,Inquiry,Discrepancy,Customer,,
Sicherheit,"Kontaktieren Sie anlässlich der Anfrage bezüglich Sicherheitsmaßnahmen und IT-Lösungen für Gesundheitsdienstleister. Können Sie Informationen über Art und Weise geben, wie Vertraulichkeit, Integrität und Verfugbarkeit medizinischer Daten gewährleistet werden? Protokolle und Datenverstärkungen zur Abfängen cyberbasierten Bedrohungen? Ich freue mich auf jegliche Informationen, die Sie zur Angelegenheit bereitstellen können.","Gehrter [Name], nehmen wir die Sicherheit von Gesundheitsdienstleistern ernst und implementieren robuste Maßnahmen, um medizinische Daten zu schützen. Unsere IT-Lösungen gewährleisten Vertraulichkeit, Integrität und Verfugbarkeit durch Verschlüsselung, sichere Authentifizierung und Zugriffskontrollen. Protokolle und Datenverstärkungen zur Erkennung und Abfangen von cyberbasierten Bedrohungen, einschließlich regelmäßiger Sicherheitsaktualisierungen und Überwachungen, sind Teil unseres Ansatzes. Ich freue mich auf detaillierte Informationen und bin bereit, einen passenden Zeitpunkt für eine Telefonbesprechung [Tel. Nummer] oder eine persönliche Besprechung zur Diskussion von Sicherheitsmaßnahmen zu organisieren, um spezifische Fragen [Acc. Nummer] zu beantworten.",Request,Customer Service,medium,de,Security,IT,Tech Support,Performance,,,,
,Assistance needed for data breach in hospital systems,"Please acknowledge the data breach issue with hospital systems. To better assist you, could you provide details on the issue you're experiencing, the nature of the breach, and any error messages received? I would like to schedule a call to discuss this further. I am available to talk at your earliest convenience. Please let me know a suitable time for a callback at <tel_num>.",Incident,Technical Support,high,en,Security,IT,Tech Support,,,,,
Integration von ESET NOD32,"Suchen Sie praxisorientierte Anweisungen zur Integrierung des ESET NOD32 Antiviruses in einen projektmanagement-basierten SaaS-Service und verstärkten Sicherheitsmaßnahmen? Prüfen Sie gerne detaillierte Anleitungen in der Kenntnisbank-Artikel-Auswahl. Bei Bedarf können relevante Dokumente und Ressourcen zur Verfügung gestellt werden, um den Integrationsprozess zu erleichtern.","Sehr geehrte [Name], ich freue mich, Ihnen bei der Integration des ESET NOD32 Antiviruses in einen projektmanagement-basierten SaaS-Service zu helfen. Ich empfehle Ihnen, die detaillierten Anleitungen in der Kenntnisbank-Artikel-Auswahl zu studieren. Falls Sie weitere Unterstützung benötigen, lassen Sie es mich wissen, wann es Ihnen am besten passt, um einen Rückruf abzusprechen und den Integrationsprozess fortzusetzen. Darüber hinaus werde ich relevante Dokumente zur Verfügung stellen, um Ihnen bei der Integration behilflich zu sein.",Request,Technical Support,high,de,Security,Documentation,IT,Tech Support,,,,
Rechnungsfehler,"Sehr geehrte Kundenservice, wir haben einen Rechnungsfehler festgestellt und möchten sicherstellen, dass Ihr Konto korrekt abgerechnet wird. Es könnte aufgrund neuester Softwareupgrades passiert sein. Wir haben die Zahlungsinformationen überprüft und versucht, das Problem durch Anpassung der Kontoeinstellungen zu lösen. Allerdings besteht weiterhin ein Problem. Wenn Sie uns bei der Suche nach einer Lösung unterstützen, würden wir uns sehr freuen. Könnten Sie bitte den Fall näher einordnen und eine schnelle Lösung bereitstellen? Dankeschön für Ihr Verständnis und Ihre Unterstützung bei der Verhinderung zukünftiger Fehler. Wir hoffen, dass Sie uns bald weitere Informationen zur Verfügung stellen können, um das Problem zu lösen.","Sehr geehrte [Name], vielen Dank für Ihre Aufmerksamkeit beim Feststellen des Rechnungsfehlers. Um das Problem zu bearbeiten, könnten Sie uns bitte die Kontonummer [acc_num] und eine detaillierte Beschreibung des Fehlers mitteilen. Wenn nötig, könnten Sie telefonisch unter [tel_num] zu diesem Thema sprechen. Wir werden uns bemühen, das Problem schnell zu untersuchen und eine Lösung bereitzustellen, um zukünftige Fehler zu vermeiden. Vielen Dank für Ihr Verständnis und die Zusammenarbeit. Wir freuen uns, bald Neuigkeiten zum Fortgang des Falles zu erhalten.",Problem,Billing and Payments,high,de,Billing,Account,Payment,Refund,Support,,,
Verschiedene Kampagnen-Metriken,"Sehr geehrte Kundensupport, ich melde mich an, um eine Verschiedenheit in unseren Kampagnen-Metriken zu melden. Der Fehler trat auf, als unkorrekte Daten aus unserem Analysewerkzeug extrahiert wurden. Wir denken, dass dies möglicherweise auf ein API-Integration-Fehler oder einen Abfragefehler zurückzuführen ist. Wir haben unsere API-Schlüssel und Abfrage-Syntax bereits überprüft, um sicherzustellen, dass sie korrekt sind. Dennoch beharrt der Fehler weiter. Es wäre sehr nett, wenn Sie uns bei der Lösung dieses Problems unterstützen könnten. Bitte informieren Sie uns, falls weitere Schritte notwendig sind, die wir befolgen können, um das Problem zu beheben, oder wenn Sie weitere Informationen benötigen. Vielen Dank für Ihre Unterstützung. Ihr ehrlichster, [Name]","Sehr geehrte <name>, danke, dass Sie sich bei uns gemeldet haben, da bei Ihren Kampagnen-Metriken Unterschiede aufgetreten sind. Wir entschuldigen uns für die entstandenen Unannehmlichkeiten und freuen uns, Ihnen bei der Lösung des Problems zu helfen. Wir haben festgestellt, dass Sie Ihre API-Schlüssel und Abfrage-Syntax bereits überprüft haben. Um den Fehler besser zu verstehen, können Sie uns bitte Details zu den unkorrekten Daten, die aus Ihrem Analysewerkzeug extrahiert wurden, wie beispielsweise die betroffenen Metriken und Zeitrahmen, mitteilen? Falls nötig, können wir eine Anruf-Termin vereinbaren, um das Problem weiter zu besprechen und die nächsten Schritte zu ermitteln, um mögliche API-Integration-Probleme oder Abfragefehler zu beheben. Bitte geben Sie uns eine fachgerechte Anruftermine an. Wir danken Ihnen für Ihre Zusammenarbeit und freuen uns darauf, das Problem für Sie zu lösen mit Bezug zu Ihrem <acc_num>.",Problem,Technical Support,medium,de,Technical,Customer,Bug,API,Integration,Query,Documentation,Resolution
,"Respected customer support, I am contacting you to report a problem with our digital campaign. It unexpectedly stopped working and we're uncertain of the reason. We believe it could be because of updated software that is not compatible. Despite restarting the systems and checking the configurations, the issue is still occurring. We would be grateful if you could look into this and provide a solution at the earliest. Please inform us if you need more information from us to address the issue. We look forward to your response. Thank you for your time and help.","Dear <name>, we regret the issues encountered with your digital campaign and thank you for bringing it to our notice. We will look into the cause of the crash and work to resolve it promptly. To assist in the investigation, could you please provide us with details about the recently installed software updates and the specific error message you are receiving. If needed, we may arrange a call; are you available for a call at <tel_num> or do you prefer another time? We will contact you shortly to update you on the status of the issue.",Incident,Technical Support,high,en,Crash,Outage,Bug,Technical,Resolution,Follow-Up,Documentation,
Enhancement Strategies,I require assistance with digital strategies for optimizing the Magento e-commerce platform. Could you share the optimal methods to enhance performance and user experience?,"I am ready to help with Magento optimizations. To offer the best advice, please give me your current platform version and any specific issues you are facing. Based on this, I can provide personalized recommendations to improve performance and user experience, or we can arrange a call at a time that suits you.",Request,Returns and Exchanges,high,en,Technical,Performance,Strategy,Guidance,Feedback,,,
Urgent Assistance Required,"An unexpected service outage has impacted several systems, causing disruptions to access medical data for hospital services. The issue might be due to misconfiguration in the Kubernetes deployment or a potential software vulnerability. We have rebooted the affected servers and checked for configuration errors, but the issue still persists.","Received an urgent assistance request regarding the service outage that has affected multiple systems and hospital services. To better assist you, could you please provide details on any error messages and the steps that have been taken so far? It would be helpful to know the exact configuration of the Kubernetes deployment and any recent software updates. I would like to schedule a call to discuss this further and am available at the earliest convenience. Please let me know a suitable time.",Incident,Service Outages and Maintenance,high,en,Outage,Disruption,Recovery,Maintenance,Virus,Security,IT,Tech Support
Investment Analytics Tools,Need to integrate investment analytics tools with data from multiple sources.,Could you provide more details on the issue with integrating investment analytics tools with data from multiple sources? This will help me assist you better.,Problem,Returns and Exchanges,medium,en,Feature,Documentation,Feedback,IT,,,,
Product Licenses Missing,"To the support team, I am contacting you to inform you of the absence of several product licenses, which might be a result of a potential database synchronization issue. After attempting to restart services and reviewing logs, the problem still exists. I kindly request you to investigate this and offer a resolution at your earliest convenience. Please inform me if you require any further details from me to address the situation. I am eagerly awaiting your response. Thanks for your assistance.","Dear [Name], thank you for reaching out to us regarding the missing product licenses, we regret the inconvenience this has caused you. We will look into the potential database synchronization issue and will work to resolve it promptly. Could you please share your [account_number] and additional information about the missing licenses, including the license numbers and associated products? Should we need to, we can schedule a call at [telephone_number] for further discussion. We appreciate your patience and cooperation, and we are looking forward to resolving the issue for you.",Problem,Billing and Payments,high,en,Product,Bug,Database,Resolution,Information,Account,Recovery,
Strategies for Expanding Online Presence with Magento 2.4,"Hello Customer Support, I am contacting you to learn more about digital strategies that are compatible with Magento 2.4 to aid in the growth of my brand. I am keen to explore the various strategies that can enhance our online presence and would greatly appreciate any insights or recommendations you can share. Could you inform me about the diverse strategies and their potential benefits? I would be grateful for any assistance you can provide. Thank you for your time and help. I anticipate a response from you soon.","Hello <name>, we are pleased to hear from you and thank you for your inquiry regarding digital strategies for growth with Magento 2.4. Our team can provide you with information on a range of methods to boost your online presence, such as SEO, social media integration, and email marketing. We would be delighted to delve into these strategies with you and offer tailored guidance based on your specific needs. Would it be convenient for you to schedule a call to discuss your requirements further?",Request,Technical Support,high,en,Customer,Strategy,Magento,DigitalMarketing,Growth,SEO,SocialMedia,EmailMarketing
Enhancing Investment Data Analytics,"Could you provide more details on optimizing investment data analytics products, similar to those found at Codecademy Elasticsearch? I'm interested in learning data analytics to better inform my investment decisions and improve returns. Specifically, I would like to know about the tools and techniques used to analyze data and make predictions about future market trends.","I would be happy to discuss optimizing investment data analytics. Please provide some information about your current investment goals, and we can discuss the tools and techniques used to analyze data and make predictions about future market trends during a convenient call.",Request,Returns and Exchanges,medium,en,Feature,Feedback,Product,Tech Support,,,,
Inquiry on System Requirements for SaaS Project Management Tool,"Hello Customer Support, I am writing to request information on the system requirements needed for the best performance of your SaaS project management tool. Could you kindly share the recommended browser, operating system, and hardware specifications? Additionally, any extra details on how to achieve the best user experience would be greatly appreciated. I look forward to your response and thank you in advance for your help.","Hello [name], for optimal performance of our SaaS project management tool, we recommend using the latest version of Google Chrome as the browser, Windows 10 as the operating system, and at least 8GB of RAM. Thank you.",Request,Technical Support,high,en,Technical,Customer,Product,Performance,Guidance,Documentation,,
Project Syncing Issue Encountered,"Dear Customer Support, I am writing to report a synchronization problem with project timelines that is affecting various teams. This issue may have arisen due to misconfiguration. I have already attempted to restart the server and check user permissions, but the issue persists. I would greatly appreciate your assistance in resolving this problem. Please let me know if you require additional information. I look forward to your response and thank you for your understanding and support.",I will take up this matter and will contact you soon at <tel_num> to further discuss the issue and find a solution for project synchronization.,Incident,Customer Service,medium,de,Technical,Bug,Synchronization,Resolution,Customer,,,
Needed: Support for Server Issues,"Unpredictable delays in data processing for investment analytics tools are happening because of server overload during peak usage times. Even after restarting servers and optimizing queries, the problems continue and require assistance to resolve the issue.","<name> has acknowledged receipt of your email regarding server overload issues impacting investment analytics tools. For better assistance, we would like to schedule a call to discuss the issue in detail. Please let us know when you would be available for the call, or offer alternative times. Additionally, knowing the current server configuration and any recent changes made to optimize queries will be helpful in investigating and providing a resolution.",Incident,Product Support,high,en,Performance,Network,IT,Tech Support,,,,
Issue with Overcharged Subscription Services,There was an overcharge by the marketing agency.,We are looking into the issue of overcharged subscription services by the marketing agency. Please provide your account number for an investigation and resolution.,Problem,Billing and Payments,medium,en,Billing,Refund,Payment,Account,,,,
Services in Data Analytics,Is it possible to receive data analytics services that optimize investment strategies? Thank you.,"We can offer data analytics services to optimize investment strategies, providing insights and recommendations to improve returns. I would be happy to discuss and provide more information. We are available to call at your convenience to explore these services and support your investment goals. Please let us know a suitable time to reach you.",Request,General Inquiry,medium,en,Feedback,Sales,Product,,,,,
,"Customer Support, seeking assistance with securing Kubernetes for medical data compliance in hospital environments. As hospitals handle sensitive patient data, strict security measures are required. I would like to know best practices for implementing Kubernetes in these environments to ensure the confidentiality, integrity, and availability of medical data. Specifically, I am interested in learning about network policies, access controls, and data encryption methods. Could you provide resources and documentation?","<name>, thank you for your inquiry regarding the securing of Kubernetes for medical data compliance. I recommend reviewing the documentation on network policies, access controls, and data encryption methods. We can schedule a call at <tel_num> to discuss this further. Please let us know a convenient time to reach you, so we can provide guidance tailored to your hospital environment <acc_num>.",Request,Technical Support,high,en,Security,Network,Compliance,Performance,IT,Tech Support,,
,"Dear Customer Support, I am encountering issues with the investment performance analytics report due to the recent software update. Despite my efforts to revert the update and restart the systems, the problem continues. I suspect there might be compatibility issues with my existing tools and analytics methods. I would greatly appreciate it if you could look into this matter urgently and provide a solution. Please inform me if you require any additional information; I am available to discuss and provide the necessary details. Thank you.","<name> acknowledges receipt of the email regarding the issue with investment performance analytics. Apologies for the inconvenience caused by the recent software update. We will investigate the matter and provide a solution as soon as possible. To better understand the issue, please provide details about the inconsistent results you are experiencing and the steps you have taken to revert the update. We would like to schedule a call at a convenient time for you. Please let us know a suitable time for the call, and we can contact you at <tel_num>.",Incident,Product Support,low,en,Performance,Bug,IT,Tech Support,,,,
Assistance Requested for Data Encryption Issue,"Hello Support Team, I need assistance with a data encryption error that has been occurring. The error message 'Data encryption failed' is shown, and it seems a misconfiguration might be the reason. After attempting to restart the servers and review the logs, the issue still exists. I would be very grateful if you could assist in solving this problem. Please inform me if you require more details from me to help resolve this. Thank you for your support and I look forward to your feedback.","Hello, we appreciate you reaching out to us regarding the data encryption issue. We are ready to help you solve this. For a better understanding, could you please share the details of the configuration update and the most recent log files? This will assist us in identifying the issue and providing a solution. If necessary, we can arrange a call using the number <tel_num> to discuss further, kindly provide a convenient time for your account <acc_num>.",Incident,Technical Support,high,en,Technical,Security,Bug,Documentation,Feedback,Resolution,,
Potential Data Breach in Healthcare IT,A possible data breach may have happened because of an old software vulnerability. We ran an antivirus scan and checked the firewall.,"We are taking this data breach very seriously and thank you for your immediate response. To help us investigate the suspected breach, could you provide additional information on the outdated software and the timing of your antivirus check? Additionally, I will arrange a call at your convenience to discuss the necessary steps to secure your hospital's IT system.",Problem,Technical Support,medium,en,Security,Breach,Outdated Software,Feedback,Incident,Resolution,Follow-Up,
Anfrage zur Behebung eines Verbindungsaufschluss-Fehlers bei der Website-Analytics-Platteform,"Sehr geehrte Kundenservice, ich möchte Ihnen mitteilen, dass ich Probleme mit der Website-Analytics-Platteform habe. Diese lädt nicht mehr und ich denke, dass es sich um einen Verbindungsaufschluss-Fehler handelt. Ich habe bereits versucht, die Platteform zu neustarten und die API-Benutzernamen zu überprüfen, aber leider ohne Erfolg. Ich würde es sehr schätzen, wenn Sie sich um das Problem bemühen und so bald wie möglich eine Lösung bereitstellen könnten. Bitte melden Sie sich, falls Sie zusätzliche Informationen benötigen, um das Problem zu beheben. Ich freue mich auf Ihre Rückmeldung und danke Ihnen im Voraus für Ihre Unterstützung.","Sehr geehrte <name>, vielen Dank für Ihre Rückmeldung zum Fehler in der Website-Analytics-Platteform. Wir werden uns den Verbindungsaufschluss-Fehler zuwenden. Könnten Sie uns bitte Ihre <acc_num> und den genauen Fehlermeldungstext mitteilen, den Sie sehen? Dies wird uns helfen, das Problem schneller zu beheben. Sobald wir damit beginnen, werden Sie benachrichtigt. Wenn erforderlich, können wir einen Anruf an <tel_num> planen, um Ihnen weiter zu helfen. Vielen Dank für Ihr Verständnis und Ihre Geduld.",Incident,Technical Support,high,de,Technical,Bug,Outage,Resolution,Customer,Documentation,Account,
Support Request for Encrypted Medical Data Issue,"I am writing to report a failure with the encryption of medical data. The encryption has suddenly ceased to function, which could possibly be due to recent software updates. I have tried restarting the systems and updating the endpoint protection, but the issue persists. It would be greatly appreciated if you could assist me in resolving this problem at your earliest convenience.",I will assist you with the issue concerning the encryption of medical data. Please provide the affected files and details about the software updates so I can further investigate and resolve the problem.,Problem,IT Support,high,de,Technical,Security,Bug,Medical,Resolution,Encryption,,
Advice on Securing Medical Data,"I am seeking guidance on securing medical data within a Mercurial environment on Google Cloud Platform in a hospital setting. Could you provide advice on data encryption, access control, and compliance with HIPAA regulations? I would greatly appreciate any recommendations or resources you can provide to ensure the security and integrity of sensitive medical information.","We can provide guidance on securing medical data in a Mercurial environment on Google Cloud Platform. Please allow us to call for your convenience to discuss the best practices for data encryption, access control, and HIPAA compliance.",Request,Customer Service,medium,en,Security,Compliance,IT,Tech Support,Feedback,,,
Probleme mit den Datenanalyse-Dashboards,"Sehr geehrte Kundenservice,\n\nich möchte Ihnen mitteilen, dass unsere Datenanalyse-Dashboards nicht erfolgreich geladen werden. Es könnte sein, dass das Problem auf mangelnde Serverressourcen schließen lässt, die wir zur Verfügung gestellt bekommen haben. Nous haben bereits versucht, die Server neu zu starten und die Netzwerkverbindungen zu überprüfen, aber das Problem ist bis jetzt nicht behoben. Es wäre sehr hilfreich, wenn Sie sich mit dieser Angelegenheit befassen könnten und uns so bald wie möglich einen Lösungsansatz anbieten könnten.\n\nVielen Dank für Ihre Unterstützung.\n\nMit freundlichen Grüßen,\n[Your Name]","Ich habe Ihre E-Mail zur Datenanalyse-Dashboardsache erhalten. Ich werde mich mit diesem Thema auseinandersetzen, einschließlich der Überprüfung der Serverressourcen. Bitte lassen Sie mich mich damit befassen und kontaktiere Sie bald mit einer Lösung oder einem Antrag auf zusätzliche Informationen, um das Problem so schnell wie möglich zu lösen.",Incident,Technical Support,high,de,Technical,Customer,Outage,Bug,Network,Resolution,Documentation,
Netzwerkverbindung fiel während der Datenanalyse aus,"Ich bin während der Datenanalyse von Netzwerkverbindungsabstürzen betroffen. Es könnte ein Konflikt zwischen meinem Google Nest Wifi Router und den Einstellungen von Ubuntu 20.04 LTS geben. Ich habe versucht, den Router neu zu starten, die Firewalleinstellungen zu prüfen und die Ubuntu-Treiber zu aktualisieren, aber das Problem behält sich trotzdem bei. Ich würde mich freuen, wenn Sie mir helfen könnten, um Datenverlust zu vermeiden und eine stabile Verbindung sicherzustellen. Bitte geben Sie mir die nächsten Schritte an. Ich stehe Ihnen zur Verfügung, falls Sie weitere Informationen benötigen.","Sehr geehrte/r [name], ich verstehe, dass Sie während der Datenanalyse von Netzwerkverbindungsabstürzen betroffen sind und bereits versucht haben, den Google Nest Wifi Router neu zu starten und die Firewalleinstellungen zu überprüfen. Um Ihnen weiter zu helfen, möchte ich mehr Informationen über Ihre Netzwerkeinstellungen und den Fehler sammeln, den Sie erleben. Könnten Sie bitte mehr Details über Ihre Netzwerkeinstellungen und die genauen Fehlermeldungen, die Sie sehen, wenn die Verbindung abstürzt, bereitstellen? Zudem wäre es hilfreich, zu erfahren, welche Art von Datenanalyse Sie durchführen und welche Anwendungen Sie verwenden. Ich möchte auch einen Anruf mit Ihnen vereinbaren, um diese Angelegenheit weiter zu besprechen und einige zusätzliche Troubleshooting-Schritte durchzuführen. Sie wären für einen Anruf am [tel_num] verfügbar oder für eine andere Zeit? Bitte geben Sie mir eine passende Zeit an, und ich werde mich dann mit Ihnen in Verbindung setzen, um Ihnen bei der Lösung dieses Problems zu helfen.",Incident,Technical Support,high,de,Network,Crash,Resolution,Documentation,Feedback,,,
Enhanced Security Protocols for Medical Data,It is imperative to draw attention to the need for implementing enhanced security measures for medical data across all affected systems. This is crucial to ensure compliance and data integrity. The current system has several vulnerabilities that need to be addressed immediately. We request that you take immediate action to rectify the situation and ensure the security of sensitive medical information. Please inform us of the steps you will take to address this issue.,We will investigate and implement the necessary security measures to protect medical data and ensure compliance with data integrity standards.,Change,IT Support,high,en,Security,Compliance,Vulnerability,Alert,IT,,,
Request for Overview of Scalable SaaS Features for Project Management,Is it possible to provide an overview of the scalable SaaS features that enhance project management?,"The scalable SaaS features for project management include task tracking and team collaboration tools, which offer benefits such as increased productivity and improved project visibility. Please send a detailed overview of the features and their benefits via email.",Request,Technical Support,high,en,Feature,IT,Tech Support,,,,,
Pilz auf Medizinische Datensicherheit,"Lieber Kundenservice, ich schreibe Ihnen, um auf die Notwendigkeit der Steigerung von Verschlüsselungsverfahren zur Erhöhung der Sicherheit sensibler medizinischer Informationen und IT-Systeme in Krankenhäusern aufmerksam zu machen. Im Zeitalter zunehmender Cyberangriffe und Datensperrungen ist es entscheidend, umfangreiche Maßnahmen zu ergreifen, um personenbezogene Daten vor unbefugtem Zugriff zu schützen. Die Verbesserung der Verschlüsselungsverfahren nicht nur die Vertraulichkeit und Integrität der medizinischen Daten zu sichern, sondern auch um finanzielle Verluste und Schädigungen der Reputation zu vermeiden. Ich schlage vor, fortschrittliche Verschlüsselungsverfahren wie end-to-end-Verschlüsselung und SSL-Verschlüsselung in Betracht zu ziehen. Zusätzlich empfehle ich regelmäßige Sicherheitsaudits und Penetrationstests, um Schwachstellen zu identifizieren und gezielt zu beheben. Durch das Fokussieren auf die Sicherheit medizinischer Daten und der IT-Systeme von Krankenhäusern kann die Vertrauenswürdigkeit und das Vertrauen von Patienten und Akteuren gewährleistet werden. Ich freue mich auf eine Rückmeldung. Vielen Dank für Ihre Beachtung. Ihr treuer, [Ihr Name]","Lieber [Ihr Name], vielen Dank für Ihre Nachricht über die medizinischen Datensicherheitsmaßnahmen. Wir nehmen die Sicherheit der Patientendaten ernst und arbeiten ständig an deren Verbesserung. Wir werden in Betracht ziehen, fortschrittliche Verschlüsselungsverfahren und regelmäßige Sicherheitsaudits einzuführen. Könnten Sie bitte zusätzliche Informationen zu Ihren Bedenken und eventuellen spezifischen Vorfällen bereitstellen? Es würde mir Freude machen, einen Anruf mit Ihnen zu vereinbaren, um diese Angelegenheit weiter zu besprechen, wenn das für Sie in Ordnung ist.",Change,Product Support,medium,de,Technical,Security,Breach,Incident,Feedback,Resolution,,
Support Request for Data Optimization and Investment Strategies,"Dear Customer Support, I am seeking advice on optimizing data analysis and investment strategies. Specifically, I am interested in learning more about how your products can help improve my investment decisions. Could you provide insights on how these products can assist in making more informed decisions? I look forward to receiving guidance on effectively using data analysis to enhance my investment success. Please let me know about any additional resources or support materials that could aid in my understanding.","Dear [Name], thank you for reaching out to Customer Support. Our team is pleased to assist with optimizing data analysis and investment strategies. We will contact you shortly at the provided phone number [Tel Number] to discuss how our products can help improve your investment decisions and provide additional resources to support your understanding. Best regards.",Request,Technical Support,high,de,Feedback,Documentation,IT,Tech Support,,,,
Support Enquiry for Medical Data Breach,"Hello Customer Support,\n\nI hope this message finds you well. I am contacting you to report a critical issue that has recently been brought to my attention. We have experienced a data breach that has exposed sensitive medical information, which is of great concern. Following an initial investigation, it seems that the breach might be due to the use of outdated Perl and Git versions in our system.\n\nI have already taken some measures, such as conducting security scans to find any vulnerabilities and updating our Magento platform to the latest version. Nevertheless, the problem still persists, and I need further assistance.\n\nI would greatly appreciate your help in identifying the root cause of the breach, recommending updates for our Perl and Git versions, and suggesting any additional preventive measures. Please let me know if you need any additional information from me to proceed with your investigation. I am available to discuss this matter further and provide any required details.\n\nI look forward to your prompt response.\nBest regards,\n[Your Name]","Hello [Your Name],\n\nThank you for your email regarding the medical data breach. I appreciate the steps you have already taken to address the issue. In order to provide the best assistance, could you please arrange a call at your convenience so we can go over the details of your system and the breach? I will require information about your system configuration, including the current versions of Perl and Git you are using, and any error messages you have encountered. Additionally, it would be helpful to know the results of the security scans you have conducted. Once we have this information, I can suggest how to update your Perl and Git versions and recommend further preventive measures to avoid similar incidents in the future.\n\nPlease let me know a suitable time for the call and I will make sure to contact you.\n\nThank you for your cooperation.\nBest regards,\n[Assistant Name]",Problem,Product Support,medium,en,Security,Breach,Technical,Incident,Maintenance,Feedback,,
Inquiry Regarding Necessary System Specifications for Peak Device Functionality,Could you please share the necessary system specifications for achieving peak device functionality?,"Dear customer, to achieve peak device functionality, the minimum system specifications required are a 2.5 GHz processor, 8 GB of RAM, and 256 GB of storage. However, for more detailed and specific requirements, please provide information about your device and operating system so we can offer more tailored advice. If needed, we can also arrange a convenient call to discuss this further.",Request,Customer Service,medium,en,Technical,Specifications,Device,Performance,,,,
Choices for HR Training,"Hello customer support, I am contacting you to seek information about the training programs available for new HR staff. Would you kindly share details on the types of programs, their duration, and any necessary prerequisites? Additionally, could you provide me with information on the costs involved and any potential discounts? I would greatly appreciate a call at <tel_num> to discuss further and find the most suitable training option for my needs. Thank you for your time and assistance. I am looking forward to your response.","Hello <name>, we provide various HR training programs with differing durations and prerequisites. Please allow me to call you at <tel_num> to provide you with detailed information on costs and discounts, and to discuss the best training option for your needs.",Request,Human Resources,low,en,HR,Training,Information,Cost,Discount,Call,,
,"geehrte Kundensupport, wir haben Probleme mit der Datensynchronisation im Projektmanagement, insbesondere auf mehreren Geräten. Es scheint, dass Kompatibilitätsprobleme und Überlastung des Servers die Ursache sein könnten. Wir haben bereits einigeTroubleshooting-Schritte durchgeführt, wie das Claren des Caches und das Zurücksetzen von Verbindungen, aber es gibt keinen Anzeichen für Verbesserung. Das Problem behält sich fort und führt zu Unstimmigkeiten und Verzögerungen bei den Projektterminen. Wir schätzen es, wenn Sie uns weiterenTroubleshooting-Schritten und möglichen Lösungen zur Verfügung stellen könnten, um das Problem zu lösen. Zusätzlich möchten wir wissen, ob die aktuelle Serverpflege oder Softwareupdates die Dienste beeinträchtigen könnten. Wir freuen uns auf Ihre Rückmeldung. <acc_num>","geehrte <name>, wir bedauern, dass Sie mit den Synchronisationsproblemen konfrontiert sind. Es könnte sich um Überlastung des Servers oder Kompatibilitätsprobleme durch Softwareupdates handeln. Bitte geben Sie uns mehr Details zu Ihren verwendeten Geräten und den Softwareversionen, damit wir weiterarbeiten können. Sie können uns auf <tel_num> anrufen, um weitereTroubleshooting-Schritte und mögliche Lösungen zu besprechen. Lassen Sie uns wissen, wann es Ihnen am besten passt, um anzurufen. Ihre Kontonummer ist <acc_num>.",Problem,Customer Service,low,de,Bug,Performance,Network,IT,Tech Support,Recovery,,
Modification Required,Adjust marketing campaigns promptly to align with the updated brand messaging for enhanced outcomes.,I will adjust the marketing campaigns to align with the updated brand messaging promptly.,Change,Returns and Exchanges,high,en,Sales,Marketing,Alignment,Campaign,Messaging,Outcome,,
Recurring Connection Problems with SaaS Application Across Various Devices,"I am reaching out to document the recurring connection issues I am experiencing with the SaaS application across multiple devices. Despite my efforts to resolve the issue by resetting the devices, updating the firmware, and reviewing network settings, the problems continue. It is possible that the issue is due to network configuration or compatibility problems with various products. After following the troubleshooting steps, the issue remains unresolved. I would greatly appreciate it if you could look into this matter and provide a solution at your earliest convenience. Please.",We have received your email regarding the connectivity issues with the SaaS application. We will investigate the matter and kindly request that you provide your account number so we can discuss further at your convenient time.,Problem,Product Support,high,en,Network,Performance,Disruption,IT,Tech Support,,,
Digital Mark Growth Strategy,Can you provide details on the digital strategy for brand growth? Information will help us better understand the approach and apply it to our business efforts. Thank you for your understanding and support. Looking forward to hearing back soon.,"I am pleased to provide details on the digital strategy for brand growth. Please let's arrange a call to discuss relevant customer success stories, and present them as soon as possible.",Request,Customer Service,medium,de,Feedback,Sales,Lead,IT,Tech Support,,,
Support for Investment Optimization and Data Analysis,"Could you provide detailed information on investment optimization, data analysis, specifically for SAP ERP and QuickBooks?","We would be glad to provide detailed information on investment optimization, data analysis, specifically for SAP ERP and QuickBooks. Please provide more context, such as your current status and specific goals, to give a more detailed response. We look forward to scheduling a telephone conference at <tel_num> for further discussions.",Request,IT Support,high,de,Feature,Documentation,IT,Tech Support,,,,
Verbessern Sie die Benutzeroberfläche für eine erweiterte Projektwerkflows-Visualisierung,Wir wollen die Benutzeroberfläche für eine erweiterte Projektwerkflows-Visualisierung verbessern. Können Sie uns dabei helfen?,Wir werden Ihre Vorschläge zur Verbesserung der Benutzeroberfläche für eine erweiterte Projektwerkflows-Visualisierung in Betracht ziehen und Sie über alle Entwicklungen oder Änderungen in dieser Angelegenheit informieren.,Change,Technical Support,medium,de,Product,Feedback,Feature,Improvement,User Interface,,,
Problem with Data Analytics Dashboard Performance,"Respected Customer Support, I am contacting you to report a problem with our data analytics dashboard. It has suddenly stopped updating and we have already attempted to restart the system and check the RAM. We believe the problem could be due to a RAM shortage or software conflict. The dashboard is crucial for our operations, and we require it to function without issues. Kindly investigate this matter and offer a solution or guidance on how to fix it. We would greatly appreciate any support you can provide to restore the dashboard. Thanks for your attention and assistance.","Dear <name>, we appreciate your communication regarding the malfunction of your data analytics dashboard. We regret the inconvenience this has caused to your operations. We are ready to assist you in resolving this issue. Could you please share details about your system setup, such as the operating system and software versions, as well as any changes made recently? This information will aid us in identifying the problem and providing a more precise solution. If necessary, we can arrange a call at <tel_num> to discuss further and provide guidance on resolving the issue related to <acc_num>. Thank you.",Incident,Technical Support,medium,en,Technical,Performance,Bug,Hardware,Software Conflict,,,
Probleme mit den Social-Media-Verfolgungsdaten,"Wir haben bemerkt, dass unsere Social-Media-Teilnahme-Metriken unerwartet zurückgegangen sind. Obwohl wir unsere Analysen überprüft und Veröffentlichungspläne anpasst, hält das Problem an. Mögliche Gründe könnten die Änderungen an den Algorithmen oder Uneinigkeit in der Inhaltspolitik sein. Wir benötigen Ihre Unterstützung, um dieses Problem zu lösen und die Beteiligungsmetriken wieder in den gewünschten Zustand zu versetzen.","Ich stehe Ihnen zur Verfügung, um das Social-Media-Problem zu unterstützen. Um das Problem besser zu verstehen, benötige ich ausführlichere Informationen über Ihre aktuellen Analysen und Ihren Veröffentlichungsplan. Könnten Sie mir mehr Details über die bislang durchgeführten Anpassungen geben? Darüber hinaus würde ich gerne eine Telefonkonferenz vereinbaren, um mögliche Lösungen und den nächsten Schritt zu besprechen, um Ihre Beteiligungsmetriken wiederherzustellen. Bitte geben Sie mir geeignete Zeiten an, um Sie zu kontaktieren, unter <tel_num>.",Incident,General Inquiry,low,de,Technical,Feedback,Documentation,Change,Analytics,,,
Update Integration Features,"Dear Customer Support, we are reaching out to request an update on our product integration options with Salesforce CRM. Our team, currently utilizing several tools to manage projects, believes that enhancing our integration capabilities would significantly improve our workflow. Specifically, we would like to integrate our project management software with Salesforce to enable seamless data transfer and synchronization. This would allow us to track progress, assign tasks, and collaborate more efficiently across different teams.","Thank you for reaching out regarding the update of integration features for Salesforce CRM. We appreciate your feedback and understanding of the benefits of integrating your project management software with Salesforce. To better assist you, could you please provide us with information on the project management software you are currently using and the specific integration capabilities you are looking for? This will help us provide a tailored solution. If needed, we can schedule a call at <tel_num> to discuss at your convenience. We look forward to assisting you.",Change,Sales and Pre-Sales,low,en,Feature,Product,Documentation,Feedback,IT,Tech Support,,
Technical Assistance,"experienced data synchronization problems between MongoDB and Zoho Books, impacting operations.",examine the data synchronization issue between MongoDB and Zoho Books and contact support for assistance in resolving it.,Problem,IT Support,high,en,Bug,Performance,IT,Tech Support,,,,
Assistance with Declining Website Traffic,"Hello, we have observed a significant reduction of 30% in our website traffic over the course of a single night. Potential causes could be recent algorithm modifications or software issues. After reviewing our analytics and updating our plugins and caching systems, the problem remains unresolved. We require your expertise to address and fix this situation.","Dear <name>, I apologize for the substantial drop in your website traffic over the last night. We appreciate your efforts in investigating the analytics, plugins, and caching. In order to delve deeper into this issue, could you provide some additional information about your website, including the platform it runs on and any recent modifications you have made? Additionally, have you encountered any error messages or experienced any delays in loading times? I would like to arrange a call to discuss this matter further. Please inform me of a convenient time, and I will ensure to contact you at <tel_num>.",Problem,Technical Support,high,en,Technical,Website,Outage,Performance,Feedback,,,
Guide for Integrating Joomla SaaS Project Management Solution,I am attempting to integrate the Joomla SaaS project management solution. Could you provide detailed documentation and guidance on the integration process? I would greatly appreciate any resources or support you can offer to help me successfully complete the process.,"<name>, thank you for your interest in integrating the Joomla SaaS project management solution. A detailed guide on our website outlines the integration process. We can provide personalized support; please provide us with <acc_num> so we can look into your specific setup. If you need further assistance, we can schedule a call at <tel_num> to walk you through the process at your convenience.",Request,Returns and Exchanges,high,en,Documentation,Feature,Feedback,IT,Tech Support,,,
Urgency in Enhancing Encryption for Medical Data Protection,"Dear Customer Support, I am contacting you to emphasize the urgency of strengthening encryption measures for medical data storage and transmission across all hospital IT infrastructure. Safeguarding confidential patient information is paramount in the face of escalating cyber threats. I urge you to swiftly implement comprehensive end-to-end encryption for medical data both during transmission and while at rest. This should encompass all devices, such as laptops, tablets, and mobile phones, and ensure that all network-transmitted data is encrypted. Kindly provide updates on the actions you will take and the timeline for these measures. Thanks for your prompt attention to this critical issue.","Dear [Name], we value your communication on the need to bolster encryption protocols for medical data. Protecting patient information is a top priority, and we are committed to enhancing our security systems. We are currently evaluating our encryption practices to ensure they align with the highest standards. To address your concerns, we will thoroughly examine our IT systems and devices to pinpoint areas for enhancement. We will update you on the steps we will undertake and provide a timeline for implementation. If you wish to discuss this further, please suggest a convenient time for us to contact you at [Tel Number]. We will keep you informed of our progress in strengthening medical data security.",Change,Customer Service,low,en,Technical,Security,Breach,Incident,Documentation,Guidance,Maintenance,
,"Dear Customer Support, I am inquiring about the API integration capabilities for our project management SaaS. Could you please provide details on the available APIs, their functionality, and any documentation or support resources you offer? It would be greatly appreciated if you could share examples of successful integrations that other customers have implemented. This information will help me better understand the platform and meet our project management needs. Thank you for your assistance. I look forward to hearing from you soon. Regards, [Your Name]",We offer various APIs for integration. Please visit our website for documentation and support resources. We can also send examples of successful integrations and discuss further by calling <tel_num>. ,Request,Technical Support,high,en,Documentation,Feature,Feedback,IT,Tech Support,,,
Handbuch,"Hallo, ich möchte mich erkundigen, wie wir unsere medizinischen Daten in ActiveCampaign und Firebase sicher für die Krankenhäuser integrieren können. Könnten Sie uns hierbei Rat geben? Ich würde mich freuen, wenn Sie uns Informationen zur Verfügung stellen könnten, die uns dabei helfen, Vorschriften bei der Sicherung unserer medizinischen Daten einzuhalten. Insbesondere benötige ich Rat, wie wir Systeme korrekt integrieren können, ohne dabei die Vertraulichkeit und Integrität sensibler Patientendaten gefährden zu können. Vielen Dank für Ihre Unterstützung und Ihre Zeit.",Wir können Ihnen Rat zur Sicherung Ihrer medizinischen Daten in ActiveCampaign und Firebase-Integrationen für Krankenhäuser geben. Bitte lassen Sie uns in der gegebenen Zeit kontaktieren.,Request,Billing and Payments,high,de,Documentation,Security,IT,Tech Support,,,,
Upgrade Medical Data Security Protocols,"Customer Support, please draft enhanced security measures for managing medical data in hospital systems. The current system has multiple vulnerabilities that could jeopardize the confidentiality, integrity, and availability of sensitive patient information. We recommend strengthening data protection by implementing advanced encryption techniques, secure data storage solutions, and robust access controls. Regular security audits and penetration testing should also be conducted to identify and address any potential weaknesses. Your assistance is appreciated.",We will review your request and provide a plan to enhance the medical data security protocols within the hospital systems.,Change,Customer Service,medium,en,Security,Performance,IT,Tech Support,,,,
,Probleme mit der Synchronisierung in der SaaS-Plattform verschiedener Produkte,"Sehr geehrter Kundende, wir sind Ihnen für das Mitteilen der Probleme mit der Synchronisierung in der SaaS-Plattform verschiedener Produkte dankbar. Wir würden es freuen, wenn Sie uns weitere Details zu Ihrem Problem bereitstellen könnten, wie beispielsweise Fehlermeldungen oder spezifische Symptome. Wir sind bereit, eine Fehlerdiagnose durchzuführen und eine Lösung zu finden. Sollten Sie uns am geeigneten Termin erreichen können, sind wir auch für eine Diskussion der weiteren Details zu Verfügung.",Problem,Technical Support,medium,de,Bug,Product,Feature,Tech Support,,,,
,"Customer Support, I am writing to request enhancements in security measures for managing medical data in a hospital setting. Ensuring compliance and data integrity are crucial in the healthcare industry. I would like to propose the implementation of advanced encryption methods, regular security audits, and staff training in data protection practices. Additionally, it would be beneficial to establish an incident response plan and conduct regular penetration testing to identify vulnerabilities. I believe these measures would significantly improve our security.","<name>, we appreciate your email regarding enhancements to security measures for managing medical data in a hospital setting. We understand the importance of ensuring compliance and data integrity within the healthcare industry. The proposed implementation of advanced encryption methods, regular security audits, and staff training in data protection practices are viable options. Establishing an incident response plan and conducting regular penetration testing are crucial steps in identifying vulnerabilities. We would like to discuss this further.",Change,Customer Service,medium,en,Security,Compliance,Documentation,Feedback,IT,,,
Investment Analysis Platform Data Output Issues,"The investment analysis platform is producing inconsistent data outputs, which may be due to potential software integration issues. Steps taken to resolve the issue, such as rebooting the system and updating applications, have not resolved the problem. Assistance is required.","Dear customer, \n\nI have received your email regarding the inconsistent data outputs from the investment analysis platform. It is noted that you have already attempted to resolve the issue by rebooting the system and updating applications, but the problem still persists. I would like to assist in resolving this issue. To better understand the problem, could you please provide details on the inconsistent data outputs you are experiencing, including any specific errors or discrepancies you are seeing? Additionally, I would like to schedule a call to further discuss this matter.",Problem,Technical Support,medium,en,Bug,Performance,IT,Tech Support,Documentation,,,
Support for SQL Server,Could you provide documentation on integrating SQL Server with data analytics tools? I am looking for guides and tutorials to begin the integration process.,"Certainly, we provide a range of guides and tutorials on our website for integrating SQL Server with data analytics tools. Please check our support page for further details and resources to kick-start your integration.",Request,Billing and Payments,medium,en,Technical,Documentation,Guidance,Product,SQL Server,Datum Analytics Tool,,
Concerns Regarding Engagement Metric Reduction,"Noticed a decline in brand engagement metrics. Recent modifications to our marketing strategies might be the reason. We have reviewed the updated campaigns and observed some positive changes, but further details are needed.","<name>, we are addressing the decline in engagement metrics. To better understand the situation, could you please provide details on the recent marketing strategy changes and the adjustments made to the campaigns? This will help us identify the root cause and provide a suitable solution. If you are available, we can schedule a call at a convenient time to discuss further. Please let me know a suitable time to reach you at <tel_num>. We are here to assist in resolving the issue with your engagement metrics <acc_num>.",Problem,Technical Support,medium,en,Feedback,Performance,Product,,,,,
Problem with Data Analytics,"The data analytics dashboard did not update during the night because of insufficient NAS storage or possible AWS connection problems. Restarted Ansible and Zapier connections, reviewed QNAP TS-453D logs.","Dear <name>, we appreciate you notifying us about the Data Analytics issue. We are examining the QNAP TS-453D logs and the Ansible and Zapier connections you restarted. For further investigation, could you confirm the current storage space available on your NAS and the status of your AWS connection? If necessary, we can schedule a call at <tel_num> to discuss further; please inform us of a convenient time. We will address the issue with your Data Analytics dashboard as soon as possible, concerning your <acc_num>.",Incident,Customer Service,low,en,Technical,Bug,Performance,Crash,Documentation,,,
Assistance with Technical Issue,"During the presentation, the connection to UniFi Dream Machines failed, which interrupted the presentation, data analysis, and network configuration issues. These disruptions caused problems.","Dear <name>, unfortunately, we have learned that the UniFi Dream Machine was disconnected during the presentation, which interrupted the presentation, data analysis, and caused issues with the network configuration. To resolve the problem, we would like to examine the network configuration and possible sources of interference. Please provide more details about your setup and the exact error message, as this will help us better understand the issue and offer an appropriate solution. If necessary, we can arrange a call at <tel_num> to discuss resolving the network issues.",Incident,Sales and Pre-Sales,high,de,Network,Disruption,IT,Tech Support,,,,
Assistance with Security Issues,We require assistance with suspicious activity on the hospital IT systems.,"Dear <name>, we are here to assist with the security issue on the hospital IT systems. Could you please provide more details about the suspicious activity, such as what you observed and when it began? It would be convenient if you could call at <tel_num> so we can discuss further details.<br><br>Sincerely, <br><name>",Problem,IT Support,medium,de,Security,IT,Tech Support,,,,,
Advice for Enhancing,"Customer Support, seeking advice to optimize investment analytics using Scikit-learn on macOS for a financial firm. Currently leveraging Scikit-learn for data analysis and machine learning tasks but facing performance challenges. Could you guide on how to optimize workflows and improve performance? I would greatly appreciate recommendations and best practices for Scikit-learn on macOS. Additionally, please share specific configuration settings that can be adjusted to enhance performance. Thank you for your assistance.","Guidance for optimizing Scikit-learn performance on macOS, please share details about your current workflow and the performance issues you are encountering. I will recommend best practices and configurations to improve performance.",Request,Technical Support,medium,en,Feedback,IT,Tech Support,,,,,
Problem with Software Updates Today,"The software unexpectedly crashed during project updates, impacting the linked tools. This might be due to recent updates causing compatibility issues. I have attempted to reboot the system and reinstall the affected applications, but the issue still persists.",Investigating the issue with the software updates. Please provide the version numbers of the affected applications and the exact error message you are seeing. Contact <tel_num> to discuss the next steps.,Incident,Technical Support,high,en,Bug,Performance,Maintenance,IT,Tech Support,,,
Concern About Project Schedule,"Greetings Customer Support, I am contacting you to address a serious problem with our project schedule. Lately, our project schedule has become dysfunctional, causing the loss of all team tasks. We suspect that this may be related to an incompatibility with Adobe Premiere Pro 2021. Despite restarting PostgreSQL and troubleshooting the Joystick settings, our efforts have not succeeded in fixing the issue. We would be extremely grateful if you could provide us with your assistance to resolve this as quickly as possible. Kindly inform us if there is any extra information you need from us to help with the solution. Thank you for your understanding and cooperation. Sincerely, [Your Name]","Hello [name], I regret to learn that you are facing difficulties with your project schedule. I am here to help you address this issue. To better comprehend the problem, could you provide detailed information about the integration with Adobe Premiere Pro 2021 and any error messages you are encountering? Also, it would be useful to know the version of PostgreSQL you are currently using. If possible, I can also contact you at <tel_num> to discuss this further. Please let me know a convenient time for the call. I will do everything I can to assist in recovering your project schedule and team assignments as swiftly as possible.",Incident,Technical Support,high,en,Technical,Bug,Software,Resolution,Documentation,Feedback,,
Projekt-Timeline-Problematik,"Sehr geehrte Kundensupport, ich denke es ist angebracht, mich an dieser Stelle über ein Problem mit den Projekt-Timelines zu melden, die sich nicht korrekt über Teams synchronisieren. Dies könnte aufgrund einer neueren Aktualisierung oder Integrationsschritte entstanden sein. Ich habe bereits Versuche unternommen, das Programm neu zu starten, die Einstellungen zu überprüfen und den Cache zu leeren, aber das Problem beharrt bestehen. Es wäre sehr wertvoll, wenn Sie sich dieser Angelegenheit annimmt und so schnell wie möglich eine Lösung bereitstellen könnten. Ich bedanke mich schon jetzt für Ihre Zeit und Ihre Unterstützung. Ich freue mich darauf, bald von Ihnen zu hören.","Sehr geehrte <name>, vielen Dank, dass Sie uns über das Projekt-Timeline-Problem, das Sie momentan begegnen, informiert haben. Entschuldigen Sie bitte die Unannehmlichkeiten und freuen wir uns, Ihnen in dieser Angelegenheit behilflich zu sein. Könnten Sie uns bitte zusätzliche Informationen über die recente Aktualisierung oder Integration geben, die Sie erwähnt haben, wie etwa die Implementierungstermine und Fehlernachrichten, die Sie erhalten haben? Zusätzlich, welches Gerät und welchen Browser verwenden Sie, um das Programm zu bedienen? Diese Informationen werden uns helfen, das Problem besser zu verstehen und eine Lösung vorzulegen. Falls es erforderlich ist, werde ich einen Anruf vereinbaren, um die Angelegenheit weiter zu besprechen. Bitte geben Sie mir ein gutes Zeitfenster, um Sie anzurufen, unter <tel_num>.",Problem,Product Support,high,de,Technical,Customer,Bug,Synchronization,Software,Resolution,,
Sicherheitslücke in Krankenhaus-System,Vertrauliche medizinische Informationen wurden freigegeben.,"Die Firma nimmt die Sicherheit medizinischer Daten sehr ernst und untersucht derzeit die Angelegenheit. Bitte geben Sie mehr Details zu den freigegebenen Daten und der Sicherheitslücke an. Wir werden uns in Kürze bei Ihnen melden, um diese Frage zu besprechen.",Problem,Returns and Exchanges,high,de,Security,Bug,IT,,,,,
Hilfe bei der MySQL-Integration für SaaS-Projektmanagement-Software,Suche nach detaillierter Dokumentation zur Integration von MySQL in unsere SaaS-Projektmanagement-Software. Bitte helfen Sie bei der Einrichtung der sequenziellen Datenbankverbindung. Ich freue mich auf die notwendigen Anleitungen und Leitlinien. Vielen Dank für Ihre Unterstützung und Ihre Zeit. Ihre Hilfe schätze ich sehr.,"Wir bieten detaillierte Dokumentation zur Integration von MySQL in unsere SaaS-Projektmanagement-Software an. Bitte geben Sie uns die Zeit, um eine detaillierte Anleitung oder Anweisungen zu erstellen. Wenn Sie besondere Anforderungen haben oder Fragen haben, teilen Sie uns bitte mit. Sobald das Dokumentation fertig ist, werden wir es Ihnen zukommen lassen. Sollten Sie eine Besprechung für die Einbeziehung der Dokumentation wünschen, lassen Sie uns es wissen.",Request,Technical Support,medium,de,Documentation,IT,Tech Support,Feature,,,,
Unintended Loss of Campaign Data Following Node.js Update,"Good day, Customer Service Team. I am inquiring about an anomaly with our campaign data. It vanished unexpectedly overnight. We believe the recent Node.js 14.17 upgrade might have led to compatibility problems. We have attempted to restart the server and examine the Airtable logs, yet the issue remains unresolved. Can you provide guidance on how to proceed? Please inform us if there are any further actions we can take to resolve this. Your prompt assistance is greatly appreciated. Sincerely, [Your Name]","Hello [Name], thank you for informing us about the campaign data issue. We regret the inconvenience. To better understand the compatibility issues with Node.js 14.17, could you furnish us with the Airtable logs and server specifics? We will review the provided data and offer additional troubleshooting steps. Should a deeper discussion be required, we can arrange a call at [Phone Number] to address the matter further. Kindly indicate a convenient time for the call. We are committed to resolving this issue swiftly for account [Account Number].",Incident,Technical Support,high,en,Technical,Bug,Documentation,Guidance,Resolution,Incident,Crash,Network
Investment Prognoseunterschied Problem,"Ich habe einen unerwarteten Unterschied in den Investitionsprognosen festgestellt. Das Problem könnte auf eine veraltete Datenanalyse-Modellierung zurückzuführen sein. Ich habe bereits manuelle Berechnungen durchgeführt und die Datenquellen geprüft, aber das Problem behält sich bestehen. Ich würde mich freuen, bei der Lösung dieses Problems behilflich zu sein.","Ich untersuche derzeit das Investment-Prognoseunterschied-Problem, das Sie gemeldet haben. Um Ihnen besser behilflich zu sein, bitte ich Sie, mehr Details zum Unterschied und den verwendeten Datenquellen zu geben. Ich werde Sie zu einem geeigneten Zeitpunkt kontaktieren, um weitere Diskussionen und die Lösung des Problems durchzuführen.",Incident,Customer Service,medium,de,Technical,Product,Feedback,Resolution,Investigation,,,
Technische Problematik,"Ich schreibe Ihnen, um ein unerwartetes Systemausfall während der Gipfelnutzungszeiten zu melden. Es könnte sich um einen Serveroverload oder andere technische Probleme handeln. Ich habe bereits die Server neu gestartet, die Systemprotokolle überprüft und die Leistungsmetriken beobachtet, um den Fehler zu identifizieren. Allerdings benötige ich die Unterstützung des Kundensupportteams, um die Lösung dieses Problems zu finden. Könnten Sie bitte auf diesen Punkt aufmerksam sein und mögliche Lösungen oder Anleitungen zur Verhüttung solcher Ereignisse in der Zukunft bereitstellen? Ich würde jede Hilfe oder Rat, der mir dabei zur Verfügung gestellt wird, um den flüssigen Betrieb unseres Systems zu gewährleisten, schätzen.","Wir haben Ihre E-Mail zur technischen Problematik Ihres Servers erhalten. Um Ihnen weiter zu helfen, benötigen wir zusätzliche Informationen über die Fehlern, die Sie beobachtet haben. Wir werden außerdem Ihre Kundeninformationen benötigen, um diesen Fall zu untersuchen. Könnten wir bitte telefonisch darüber sprechen, sobald es Ihnen gelegen ist, um eine schnelle Lösung zu finden?",Incident,Returns and Exchanges,medium,de,Technical,Outage,Resolution,Support,Documentation,,,
Strategien für Markenwachstum im Digitalland,"Lieber Kundenservice, ich kontaktiere Sie, um die verschiedenen Möglichkeiten von digitalen Marketingstrategien und Dienstleistungen, die für Markenwachstum wichtig sind, zu erkunden. Könnten Sie mir mehr über verschiedene Ansätze erzählen, die helfen, Unternehmen in ihrer Online-Präsenz zu stärken und neue Kunden zu gewinnen? Ich bin besonders an Sozialmedien-Management, Inhaltscreativitäts- und Suchmaschinenoptimierungsmethoden interessiert. Zudem würde ich gerne mehr über die verfügbaren Pakete und Promotionsmöglichkeiten erfahren. Ich freue mich darauf, mehr über die Dienstleistungen zu erfahren, die für mein Unternehmen von Vorteil sein könnten. Vielen Dank für Ihre Unterstützung. Mit freundlichen Grüßen, [Ihr Name]","Lieber [Ihr Name], vielen Dank für Ihre Nachricht. Wir bieten individuelle digitale Marketinglösungen an, einschließlich Sozialmedien-Management, Inhaltscreativitäts- und Suchmaschinenoptimierung, um das Online-Image eines Unternehmens zu verbessern. Bitte geben Sie uns Ihre Konto-Nr. [acc_num] und Telefonnummer [tel_num], damit wir die verfügbaren Pakete und Promotionsmöglichkeiten individuell Ihren Bedürfnissen anpassen können.",Request,Product Support,medium,de,Feedback,Sales,Product,Feature,Documentation,,,
Inquiry regarding available digital strategy packages,"Dear Customer Service, I am writing to inquire about the digital strategy packages offered by the company for business growth and enhancing online presence. I would appreciate detailed information on the services included in these packages, along with pricing details. Additionally, I would value more information on the digital strategy services provided. Thank you for your time, and I look forward to hearing more about how the company can assist in my business growth.","Dear <name>, thank you for reaching out to Customer Service regarding the digital strategy packages. We offer a variety of packages designed to support the expansion of your online presence and assist with business growth through market management. Each package includes services such as social media management, search engine optimization, and content creation. We would be happy to provide more detailed information about the packages, including pricing and content. Please let us know the specific goals your business has for its online presence so we can provide more precise information.",Request,Billing and Payments,medium,de,Sales,Feedback,Product,,,,,
,"Customer Support, I am reaching out to request enhancements to our security measures for managing medical data in our hospital systems. Currently, we use Airtable and Bitbucket for data management, and I believe additional security measures are necessary to ensure the confidentiality and integrity of sensitive medical information. I would like to propose the implementation of multi-factor authentication, regular security audits, and encryption for data in transit and at rest. I believe these measures will significantly improve the security of our systems and protect patient data.",We appreciate your proposal for enhanced security measures. Please contact us at <tel_num> to discuss the implementation options and schedule a meeting with our team.,Change,Product Support,medium,en,Security,Feedback,IT,Tech Support,,,,
Optimierung von Investitionen mit DataRobot,"Sehr geehrte Kundenservice, ich kontaktiere Sie in Bezug auf die Optimierung von Investitionen durch die Nutzung von DataRobot zur wirtschaftlichen Analyse. Könnten Sie detaillierte Informationen zur Verfügung stellen, die zeigen, wie DataRobots Fähigkeiten für datenbasierte Investitionsentscheidungen eingesetzt werden können? Ich würde gerne Anleitungen zu folgenden Themen erhalten: Datenbereitstellung, Modellauswahl und deren Implementierung. Darüber hinaus möchte ich mehr über die Vorteile von DataRobot in wirtschaftlichen Analysen erfahren, wie z.B. verbesserte Prognosen und das Risikomanagement. Bitte teilen Sie mir Erfolgsgeschichten und Fallstudien mit, um die Effektivität von DataRobot in diesem Bereich zu demonstrieren.","Sehr geehrte [name], vielen Dank für Ihre Nachricht. Wir wenden uns Ihnen in Kurzzeit an, um die Optimierung von Investitionen mit DataRobot zur wirtschaftlichen Analyse zu besprechen. Wir können detaillierte Informationen zur Verfügung stellen, die zeigen, wie DataRobots Fähigkeiten eingesetzt werden können, um datenbasierte Investitionsentscheidungen zu treffen. Bitte telefonieren Sie gerne mit unseren Experten, um Anleitungen zu Datenbereitstellung, Modellauswahl und deren Implementierung zu erhalten. Wir teilen Ihnen auch Erfolgsgeschichten und Fallstudien mit, um die Effektivität von DataRobot in diesem Bereich zu demonstrieren. Bitte teilen Sie uns ein geeignetes Zeitfenster für einen Anruf mit [tel_num]. Zwischenzeitlich können Sie die Website besuchen, um zusätzliche Ressourcen und Unterstützung für die Einrichtung von DataRobot zur wirtschaftlichen Analyse zu nutzen. Wir freuen uns auf Ihre Rückmeldung.",Request,Billing and Payments,medium,de,Feedback,Product,Feature,Documentation,IT,Tech Support,,
Strategien für den Markenwachstum,"Welche digitalen Strategien helfen dabei, das Markenwachstum für eure Markenagentur zu steigern? Ich würde mich freuen, mehr darüber zu erfahren.","Sehr geehrte [name], vielen Dank für Ihre Interesse an den Dienstleistungen unserer Markenagentur. Unsere digitalen Strategien umfassen das Social-Media-Management, das Content-Creation und die Suchmaschinenoptimierung. Wir bieten auch E-Mail-Marketing- und Influencer-Partnerschaftsdienstleistungen an. Um zu erfahren, wie diese Strategien Ihr Unternehmen unterstützen können, würde ich einen Anruf mit Ihnen vereinbaren mögen. Wären Sie bereit, einen Anruf zu vereinbaren, zu einem Zeitpunkt, der Ihnen bequem ist? Sie können mich unter [tel_num] erreichen, um eine mögliche Zeit zu vereinbaren.",Request,Returns and Exchanges,low,de,Customer,Strategy,Marketing,Sales,Engagement,Partnership,Communication,Follow-Up
Problem with Data Access,"There was an issue with accessing data, specifically medical records, which might be related to outdated security protocols. We have updated the antivirus software and performed a preliminary security review.",Please review the incident and contact +1-800-555-1234 to discuss potential solutions for the data access problem.,Incident,Technical Support,low,en,Bug,Security,Virus,IT,Tech Support,,,
Sachverhalt,Technisches Problem bei Funktionalitäten des digitalen Strategie-Systems aufgrund neuer Software-Updates.,Problem prüfen. Bald further details zur Lösung kontaktieren.,Incident,Technical Support,low,de,Bug,Performance,IT,Tech Support,Feature,Documentation,,
Enquire About Integrating Airtable with Cassandra,I would like to seek information on integrating Airtable with Cassandra to improve our data analytics and investment optimization tools. This integration could significantly benefit our business by offering more precise and efficient data analysis. I would greatly appreciate any advice or assistance you can provide for setting up this integration. Kindly inform me if there are specific prerequisites or steps I should follow. I am eagerly waiting for your response and excited to explore the potential of this integration. Thank you for your time and support.,"I am pleased to assist you with integrating Airtable with Cassandra. In order to move forward, I require additional details about your current infrastructure and needs. Could you please share information regarding your Airtable and Cassandra setups, including their versions and data structures? Based on this information, I can guide you through the integration process and offer any necessary support.",Change,General Inquiry,low,en,Technical,Integration,Product,Guidance,Documentation,,,
Problem with Metrics of Digital Campaign,"Hello Customer Support, I am contacting you to report a recent anomaly in the metrics of my digital campaign. This might be due to an integration issue. Although I have attempted to reset both my QuickBooks and Mailchimp integrations, the problem still exists. I hope you can look into this and offer a solution promptly. If there is any more information you need from me to resolve this, please let me know. Thank you for your time and help. I eagerly await your response.","Hello <name>, thank you for bringing the issue of the digital campaign metrics discrepancy to our attention. I apologize for the inconvenience this has caused despite your efforts to reset the QuickBooks and Mailchimp connections. To better understand the issue, could you provide further details about the metrics that are affected and any error messages you have received? Additionally, I would like to arrange a call with you to discuss this further. Could you be available for a call at <tel_num>, or do you prefer a different time?",Incident,Product Support,high,en,Technical,Customer,Integration,Metrics,QuickBooks,Mailchimp,Resolution,
Finanzfirma Datensynchronisationsprobleme bei Investitionsanalyse aufgrund Netzwerkunstabilität,"Versuche zur Lösung, wie Wiederverbinden von Geräten und Optimierung der Routerposition, haben das Problem nicht beheben können. Bitte teilen Sie weitere Details zum Netzwerksetup und Fehlermeldungen, damit wir weitere Unterstützung anbieten können.","Untersuchen Sie das Problem der Datensynchronisation aufgrund der Netzwerkunstabilität weiter. Bitte geben Sie mehr Details zum Netzwerksetup und Fehlermeldungen, um weitere Unterstützung anzubieten.",Problem,Technical Support,medium,de,Network,Performance,IT,Tech Support,,,,
Data Analytics Tools Inquiry,"Hello customer support, I am writing to seek details about the data analytics tools that can enhance investment strategies for financial firms. Could you furnish me with information regarding the tools available and their capabilities? It would be great if you could share any relevant case studies or success stories as well. Moreover, I am interested in learning about the pricing and the implementation process for these tools. I look forward to your response and exploring how these tools can benefit our financial firm. Thank you for your support. Best regards, [Your Name]","Dear [Your Name], we provide several data analytics tools designed to improve investment strategies for financial firms. I would be delighted to go into more detail about the features, pricing, and implementation process. Let's schedule a call at your earliest convenience to discuss these aspects in greater depth and address any questions you might have.",Request,Sales and Pre-Sales,low,en,Product,Sales,Feedback,Documentation,Guidance,,,
Frage zur Digitalisierung von Smart Home Produkten,"Ich interessiere mich für digitale Strategien, um das Wachstum der Smart Home Produkte meiner Marke zu fördern. Könnten Sie mir genaue Anhaltspunkte oder Vorschläge geben?","Ich kann Ihnen Ressourcen zu digitalen Strategien für das Wachstum von Smart Home Produkten bereitstellen. Bitte gestatten Sie mir, Sie anzurufen, um weitere Informationen zu besprechen.",Request,Returns and Exchanges,medium,de,Customer,Product,Sales,Strategy,Guidance,,,
Notwendige Unterstützung bei Sicherheitsverstoß,"Sehr geehrte Kundensupport, es wurde ein unbefugter Zugriff auf medizinische Daten gemeldet. Dies geschah aufgrund veralteter Sicherheitsprotokolle. Die Software wurde aktualisiert, Zugriffsprotokolle geprüft und die Passwörterpolitik verstärkt. Allerdings besteht das Problem weiterhin. Wir benötigen dringend technische Unterstützung, um die Daten zu schützen und weitere Verletzungen zu verhindern. Die IT-Infrastruktur des Krankenhauses steht unter Gefahr und benötigt sofortige Hilfe, um das Problem zu lösen. Bitte stellen Sie eine Lösung und Anleitung zur Verfügung, damit wir den Fall ermitteln und korrigieren können. In dieser Angelegenheit ist Zeit von großer Bedeutung.","Wir ordnen diesem Sicherheitsverstoß höchste Priorität und werden sofort eingreifen. Um Ihnen besser zu helfen, bitten wir Sie, das earliesten Kommando an <tel_num> zu rufen, um den Fall detaillierter zu besprechen und Anleitungen für den nächsten Schritt zu erhalten, um die medizinischen Daten zu schützen.",Problem,Technical Support,medium,de,Security,IT,Tech Support,Bug,,,,
Aid Required for Project,Users are facing delayed access to the project dashboard owing to higher traffic and inefficient database queries.,"We will look into this, optimize the queries, and enhance the loading times for the project dashboard. Please provide your account number <acc_num> so we can address this issue promptly.",Incident,Technical Support,medium,en,Performance,IT,Tech Support,Login,,,,
Investment Optimization Services Inquiry Today,"Dear Customer Support, I am contacting you to ask about the data analytics tools you provide for investment optimization services. Could you share a list of the tools and platforms you use to analyze investment data and optimize investment portfolios? Specifically, I am keen to learn about your risk management and portfolio optimization services. Additionally, I am interested in knowing if you have any machine learning or AI-based solutions for investment optimization. It would be great if you could also give me some case studies or examples of how your data analytics tools have helped clients meet their investment objectives. Thank you for your time and assistance. I look forward to your response. Best regards, [Your Name]","Dear [Your Name], thank you for your inquiry about our investment optimization services. We provide a variety of data analytics tools and platforms designed to analyze investment data and optimize portfolios. Our services encompass risk management and portfolio optimization, as well as machine learning-based solutions. I am happy to provide more details and case studies. Could you please let me know a convenient time for a call to discuss further? You can contact me at [tel_num].",Request,Sales and Pre-Sales,medium,en,Customer,Inquiry,Analytics,Investment,Portfolio,RiskManagement,MachineLearning,CaseStudies
Request for Enhancing Maintenance Schedule for Better Performance,"Hello Customer Support, I am writing to request an update to our maintenance schedule. During peak usage hours, the service experiences significant downtime, leading to lost productivity and revenue. I kindly request that the maintenance schedule be revised to minimize downtime during these hours, as this would greatly improve the overall service performance and user experience. I would appreciate it if this matter could be addressed as soon as possible. Please let me know if there is any additional information needed.","Dear [Name], we have received your request to update the maintenance schedule to minimize downtime during peak usage hours. We will investigate this matter and require any additional information you may have. Please allow us to review and propose a revised schedule as soon as possible.",Change,Service Outages and Maintenance,low,en,Maintenance,Performance,Disruption,Recovery,Feedback,,,
Hilfe bei der Integration von Microsoft Office 365,"Können Sie mehr Details zur Integration von Microsoft Office 365 in unsere Projektmanagement-Software-as-a-Service (SaaS)-Plattform liefern? Das würde uns bei der Verständnissteigerung unserer Anforderungen und der Bereitstellung einer exakten Lösung helfen. Vielen Dank, Produktteam hat die Anfrage betrachtet.","Um die Integrationsanforderungen zu besprechen, rufen Sie uns bitte unter <tel_num> an.",Request,Customer Service,medium,de,Feature,Product,Feedback,Tech Support,,,,
Technische Anomalie,"Viele Werkzeuge zeigten gleichzeitig Anzeichen von Fehlern, was möglicherweise auf einen Netzwerkfehler zurückzuführen ist. Der TP-Link 16-Port-Schalter wurde neugestartet.","Vielen Dank für den Versuch, das TP-Link 16-Port-Schaltgerät zu reaktivieren, um das Problem zu beheben. Wenn sich der Fehler weiterhin bestätigt, wären wir dankbar für zusätzliche Informationen zu den fehlerhaften Werkzeugen und der Netzwerkanordnung, um Ihnen besser zu helfen. Ich bin bereit, ein geeignetes Terminfenster für eine Telefonbesprechung zu vereinbaren, um diese Fragen weiter zu besprechen.",Incident,Product Support,low,de,Technical,Network,Crash,Hardware,,,,
Healthcare Access Concern,"I am encountering an undesired medical data access denial scenario. My login credentials have suddenly stopped working, which might be related to a change in password policies. Despite restarting my device, verifying my credentials, and referring to the user manual, the problem remains unresolved.","Dear <name>, I apologize for the inconvenience you are facing with your healthcare data access. It seems you have already taken steps such as restarting your device, checking your credentials, and reviewing the user manual. To better assist you, could you please share any specific error messages you are seeing? Also, I would like to schedule a time to discuss this further. Please let me know a convenient time for you to speak at <tel_num>. I aim to resolve the issue with your account <acc_num> as quickly as possible.",Incident,IT Support,medium,en,Login,Security,Account,Documentation,Guidance,Disruption,Follow-Up,
Issue Notification,"We are writing to report a recent service disruption that affected several digital tools and platforms, impacting crucial marketing operations. This event seems to have been triggered by the latest updates on the Google Cloud Platform. Our team is working to resolve the issue and has already restarted affected applications and reviewed system logs, but unfortunately, we have not yet found a solution. We would appreciate your assistance in identifying the cause of the problem and implementing a solution to prevent future disruptions. Could we discuss this further over a call at a convenient time? Please provide your preferred time slot for contacting us at <tel_num>.",Email us regarding the issue and the impact on marketing operations. We would like to discuss this further. Can we schedule a call to gather more information and develop a solution? Please provide a suitable time window for our call at <tel_num>.,Incident,Technical Support,high,de,Disruption,Outage,Performance,IT,Tech Support,,,
Guidance on Securing Medical Data with Snagit and KNIME,"Hello, I am inquiring about the best practices for securing medical data when utilizing Snagit and KNIME. Given that I handle sensitive medical data, I am keen on ensuring that all necessary steps are taken to protect patient information. Could you offer some guidance on securely storing and transmitting medical images and data using these tools? I would greatly appreciate any recommendations you have for data encryption, access control, and adherence to relevant regulations. I look forward to your response and am eager to hear from you soon.","Certainly, I can assist you with securing medical data when using Snagit and KNIME. For compliance with regulations, I suggest encrypting data, controlling access, and using secure storage solutions. We can delve into specific best practices and recommendations suited to your needs. Could you please share more details about your current setup and workflow? Additionally, I would like to arrange a call to further discuss this, are you available at <tel_num> at your convenience?",Request,Customer Service,low,en,Security,Medical,Guidance,Data,Encryption,,,
Enhancing Firm's Investment Portfolio Strategies,Could you recommend tools for optimizing investment portfolios?,"Dear [name], thank you for contacting us about optimizing investment portfolios for your firm. We provide various tools to assist in this process, such as our portfolio management software and investment analytics platform. These tools offer real-time data and insights to aid in making well-informed investment decisions. I am available to discuss these options further with you. Please let me know if you are interested in scheduling a call to explore how our tools can support your firm's investment objectives.",Request,Returns and Exchanges,low,en,Customer,Product,Feedback,Guidance,Documentation,,,
Concern Regarding Data Analytics Tools Performance,"We are encountering frequent outages with the data analytics tools, which are essential for investment optimization. Rebooting the servers and checking the network settings resolved the issue.","<name> has acknowledged the issue with the data analytics tools performance and frequent outages, which are affecting investment optimization. They understand that rebooting the servers and checking the network settings resolved the issue. They would like assistance in resolving the matter and request details on the frequency of outages and any exact error messages received. This information will help them better understand the issue and provide an accurate solution. They may require a call to discuss the matter further.",Incident,IT Support,high,en,Performance,Outage,Network,IT,Tech Support,,,
Technische Anliegen,"Die medizinische Datenbank des Gesundheitsdienstleisters wurde angegriffen. Möglicherweise sind veraltete Sicherheitsprotokolle die Ursache. Softwareaktualisierungen und verstärkte Firewall-Konfigurationen wurden durchgeführt, aber immer noch können Schwachstellen auftreten. Es ist dringend erforderlich, um die Patientendaten in der IT-Infrastruktur des Krankenhauses zu schützen.","Sehr geehrte [Name],\n\nich möchte mich bemühen, das technische Problem zu berücksichtigen, das Sie gemeldet haben, nämlich die Datenbank-Breite. Möglicherweise sind veraltete Sicherheitsprotokolle die Ursache. Ich verstehe die Bedeutung der Situation und die Notwendigkeit, um die Patientendaten in der IT-Infrastruktur des Krankenhauses zu schützen.\n\nUm Ihnen besser zu helfen, würde ich gerne weitere Informationen über den aktuellen Systemzustand und die durchgeführten Aktualisierungen sammeln. Könnten Sie bitte mehr Informationen über die Softwareaktualisierungen und Firewall-Konfigurationen geben, die bisher durchgeführt wurden? Darüber hinaus wäre es hilfreich, wenn Sie spezifische Informationen geben könnten,",Problem,Sales and Pre-Sales,high,de,Bug,Security,IT,Tech Support,Maintenance,,,
Guidelines for Securing Medical Data in OBS Studio Software,Seek information on securing medical data using OBS Studio 27 and Smart-Home-Kamera applications to maintain confidentiality and comply with regulations.,Offer general security guidelines for OBS Studio and Smart-Home-Kamera applications to ensure confidentiality and regulatory compliance for medical data.,Request,Technical Support,high,en,Security,Documentation,IT,,,,,
Inquiry on Digital Strategies for Brand Growth,"We are seeking information on digital strategies to enhance brand growth. Could you provide detailed methods to increase brand awareness and engagement? We would greatly appreciate any information shared on this topic, including specific tactics and techniques used by successful companies.","Hello, thank you for reaching out to us. We would be happy to discuss digital strategies for brand growth with you. We utilize various methods such as social media marketing, email campaigns, and content creation to increase brand awareness and engagement. Successful tactics include targeted advertising and influencer partnerships. Please let us know a convenient time to schedule a call with one of our experts.",Request,Billing and Payments,medium,en,Feedback,Sales,Feature,Documentation,,,,
Concern Regarding Data Encryption,"Hello Customer Support, I am reaching out to address an encryption incident on our server. It appears to be a software anomaly that has emerged. After executing several diagnostic measures, such as restarting the server and examining the configuration parameters, the issue continues to be unresolved. My efforts to pinpoint the cause of the problem have been unsuccessful. Due to this encryption problem, our operations are severely disrupted, and I would greatly appreciate your immediate assistance in addressing this situation. I need your help in tracing the origin of the issue and devising a solution to fix it. Kindly inform me if there are additional actions I should undertake or if you need further data from me. I have restarted the server multiple times, yet the issue still persists. Additionally, I have reviewed the configurations but did not find any errors. I am unsure of what to do next and am relying on your expertise to resolve this encryption issue. Any advice or support you can provide would be greatly appreciated. Thank you for your attention and assistance. I look forward to your prompt response and am available to offer any further information or to address any questions you might have. Thank you once again for your help.",We will assist you with the encryption problem. Please send us the server logs and configuration details to aid in our investigation and resolution.,Problem,Product Support,medium,en,Technical,Security,Incident,Disruption,Resolution,Documentation,Feedback,
 Urgent Assistance Required for Medical Data Breach Incident,"Dear Support Team, we encountered an incident involving a breach of medical data. Unauthorized access to patient records occurred due to inadequate encryption. Steps taken so far include restarting the KVM-Switch and reviewing Wi-Fi settings. Kindly provide further instructions on how to proceed.","Given the seriousness of the medical data breach, we are initiating an immediate investigation. For a smoother resolution, please share more details regarding the unauthorized access and your current network configuration. This information will help us take the necessary actions to secure patient records.",Incident,Product Support,high,en,Breach,Security,Incident,Resolution,Documentation,Network,Feedback,
Strategies for Digital Brand Growth with SQL Server 2019,Which digital tactics can boost brand growth when integrating with Microsoft SQL Server 2019?,"To enhance brand growth through integration with Microsoft SQL Server 2019, a variety of digital tactics can be utilized. For instance, data analytics and business intelligence tools can provide valuable insights into customer behavior and preferences. A well-structured e-commerce platform integrated with SQL Server 2019 can also improve customer experience and streamline transactions. Moreover, leveraging cloud services and artificial intelligence can optimize operations and increase scalability. I am ready to delve deeper into these tactics and tailor them to your specific requirements. Would you prefer a call at your convenience to discuss further?",Request,Customer Service,high,en,Digital,Strategy,Analytics,E-commerce,Cloud,AI,Integration,BusinessIntelligence
Growth,I am writing to explore digital strategies that can promote the growth of our brand. We are looking for innovative ways to boost our online presence and reach a broader audience.,I am pleased to discuss digital strategies for promoting the growth of your brand. Please share a convenient time for a call so we can explore further possibilities.,Request,Technical Support,medium,de,Growth,Strategy,OnlinePresence,AudienceReach,Innovation,Discussion,CallArrange,
Problem with Payment,"There has been an issue with processing payments for several software subscriptions. The payment gateway unexpectedly declined the transaction. Despite restarting my device and verifying my account balance, the problem remains unresolved. I believe it could be related to an expired credit card or overdrawn limit.","Dear <name>, we regret to inform you about the payment processing difficulties with your software subscriptions. To address this, please confirm the expiration date of your credit card and your current account balance. Should the issue continue, kindly provide your <acc_num> and a suitable time for us to contact you at <tel_num> to delve further into the matter. Alternatively, consider updating your payment method or contacting your bank to review any card limitations. We are here to assist you in resolving this issue.",Problem,Billing and Payments,medium,en,Billing,Payment,Account,Notification,Guidance,,,
Investment Support,"Investment-Optimierung Leistungsmetriken Abfall festgestellt, möglicherweise durch Datensatzuneinheitlichkeiten der neuesten Algorithmus-Upserts verursacht.","Investigation der Investment-Optimierung Leistungsmetriken Abfall durchgeführt, möglicherweise durch Datensatzuneinheitlichkeiten der neuesten Algorithmus-Upserts verursacht. Bitte mehr Details zum spezifischen Metrik, abgefallen ist, Zeitraum, und weitere Informationen zur Lösung anbieten können.",Incident,Human Resources,high,de,Feedback,IT,Tech Support,,,,,
Informationen über die Kostenstruktur für die Hemingway-Editor-Integration,"Ich möchte mich mit Ihnen über die Preisstruktur für die Integration des Hemingway-Editors in Ihre Software-as-a-Service-Lösung befassen. Könnten Sie mir bitte ausführliche Informationen zu den verschiedenen Tarifen und den zugehörigen Kosten liefern? Es wäre mir auch recht, wenn Sie mir informieren könnten, ob es Rabattmöglichkeiten für Verträge mit langerlaufender Fracht oder große Bestellungen gibt. Darüber hinaus würde ich gerne erfahren, ob es bei den Tarifen Einschränkungen oder Beschränkungen hinsichtlich des Anzahl der Benutzer oder der verfügbaren Funktionalitäten gibt. Ich freue mich auf Ihre Rückmeldung.",Ich werde Ihnen per E-Mail oder Telefon eine Übersicht über die Preisstruktur und Details zur Hemingway-Editor-Integration zur Verfügung stellen.,Request,Billing and Payments,medium,de,Billing,Product,Payment,,,,,
Incident of Data Breach in Hospital Systems,"We have encountered a data breach in our hospital systems, impacting patient privacy. This may have happened due to vulnerabilities in software integrations. Despite implementing enhanced security measures and updating software, the issue still persists. We kindly request your immediate assistance to resolve this matter as soon as possible to ensure the security of patient data.",review and contact us promptly to discuss the details of assistance,Problem,Technical Support,high,en,Security,Incident,Bug,IT,Tech Support,,,
Technische Unterstützung,"Unvorhergesehene Anwendungsfehler bei Projektmanagement-SaaS trafen den Benutzer. Konfigurationsprobleme in Kubernetes und Cassandra deuten darauf hin. Dienste wurden neu gestartet und Ressourcen erhöht, aber das Problem behält sich beständig. Antiviren-Einstellungen könnten das Infrastruktur-Setup stören. Bitte helfen Sie bei der Lösung des Problems.","Den Fall überprüfen und an Nummer <tel_num> rufen, um weitere Details zu besprechen. Bitte geben Sie detaillierte Informationen über Änderungen in den Antiviren-Einstellungen, Kubernetes und Cassandra, sodass wir gründlich untersuchen können.",Incident,Technical Support,medium,de,Bug,Tech Support,Performance,Hardware,Virus,IT,Documentation,
Request for Data Analytics Solutions to Optimize Investment Strategies,"I appreciate your interest in our data analytics solutions designed to optimize investment strategies. Our services encompass data analysis and reporting, predictive modeling, and portfolio optimization. We utilize advanced tools and techniques to assist clients in making informed investment decisions. To provide you with specific details, could you please let us know the type of investments you are interested in and any current challenges you are facing? This will allow us to tailor our services to better meet your needs.","Thank you for your interest in our data analytics solutions aimed at optimizing investment strategies. Our services include data analysis and reporting, predictive modeling, and portfolio optimization. We employ advanced tools and techniques to help clients make informed investment decisions. For more specific details, could you please inform us about the type of investments you are interested in and any current challenges you are facing? This will enable us to tailor our services to better suit your needs.",Request,Sales and Pre-Sales,medium,en,Feature,Feedback,IT,Tech Support,,,,
Support from Customer,"There have been unstable data flows that disrupted the investment analysis. This might indicate compatibility issues with antivirus software and our system. Attempts made: Restarting servers, updating antivirus software, and checking network connections.","Dear <name>, we apologize for the unstable data flows that disturbed your investment analysis. We appreciate the steps you have already taken to self-diagnose. To assist you further, we ask for more information about your antivirus software and the version you are using. If necessary, we can arrange a conference at <tel_num> to solve the problem as quickly as possible and secure the compatibility of our services for your <acc_num>. ",Incident,Technical Support,high,de,Customer,Disruption,Network,Security,Incident,Feedback,Resolution,Account
Support,"Is it possible to get more information on data analytics tools for optimizing investments? Particularly, I am interested in their features and integration capabilities.","I can provide details on data analytics tools for optimizing investments. These tools include features such as portfolio tracking, risk analysis, and performance metrics. They also offer integration capabilities with various financial platforms. For a detailed overview, please specify the specific integration capabilities you are interested in, and I would be happy to discuss scheduling a call for your convenience to address any questions you may have about the tools.",Request,IT Support,high,en,Feature,Feedback,Sales,Tech Support,,,,
